temperature,humidity,distance_km,product_type,category,category_label,initial_shelf_life,packaging_quality,spoilage_days,spoilage_risk
11.4,80.7,179.5,milk,fragile,2,3,2,0.5,1
5.7,93.0,249.9,apple,hardy,0,16,2,10.4,0
15.6,64.1,130.2,potato,hardy,0,25,1,20.5,0
8.2,70.2,115.4,berries,fragile,2,3,1,4.3,0
28.8,59.3,5.0,apple,hardy,0,26,1,18.9,0
13.1,45.7,205.3,tomato,normal,1,12,1,10.9,0
36.8,46.8,199.1,leafy_vegetables,fragile,2,2,2,0.5,1
20.7,55.7,278.1,carrot,normal,1,12,3,4.5,0
23.2,92.5,253.5,banana,normal,1,6,1,0.5,1
9.9,82.1,23.3,potato,hardy,0,23,3,30.0,0
33.5,75.9,219.0,apple,hardy,0,25,1,8.1,0
34.8,59.2,29.5,apple,hardy,0,21,3,15.1,0
30.5,71.4,266.3,tomato,normal,1,7,1,0.5,1
24.6,80.1,148.6,potato,hardy,0,29,1,18.3,0
5.9,37.0,10.4,berries,fragile,2,1,3,13.6,0
13.7,56.7,226.9,tomato,normal,1,11,1,2.9,1
10.6,90.4,242.6,leafy_vegetables,fragile,2,5,1,0.5,1
23.9,82.5,268.9,carrot,normal,1,5,3,0.5,1
27.7,30.0,106.4,potato,hardy,0,21,3,19.6,0
29.2,47.5,74.0,tomato,normal,1,10,3,5.3,0
7.3,46.5,74.8,potato,hardy,0,16,3,23.1,0
26.3,62.7,16.4,apple,hardy,0,30,1,27.1,0
13.4,39.4,147.3,potato,hardy,0,30,2,30.3,0
30.5,53.9,190.1,milk,fragile,2,3,2,0.5,1
10.3,63.0,209.0,milk,fragile,2,4,3,2.1,0
33.3,52.7,29.8,banana,normal,1,5,1,0.5,1
34.3,73.9,220.8,berries,fragile,2,2,2,0.5,1
23.1,47.0,298.9,tomato,normal,1,9,2,0.5,1
11.6,48.1,210.4,apple,hardy,0,18,3,18.8,0
10.7,88.4,182.3,milk,fragile,2,1,3,0.5,0
5.2,40.5,165.1,milk,fragile,2,3,2,6.0,0
22.3,41.6,110.6,potato,hardy,0,17,3,17.8,0
24.0,63.1,191.3,potato,hardy,0,28,2,20.5,0
36.7,58.2,105.7,berries,fragile,2,4,1,0.5,1
11.8,77.0,85.0,milk,fragile,2,1,3,0.8,0
31.2,91.9,99.9,banana,normal,1,9,2,0.5,1
39.3,34.9,92.4,leafy_vegetables,fragile,2,1,3,0.5,0
37.8,75.2,171.4,onion,hardy,0,30,2,14.0,0
17.6,46.5,89.3,berries,fragile,2,1,2,2.7,0
19.7,46.7,183.8,banana,normal,1,11,2,9.8,0
11.8,34.6,119.6,potato,hardy,0,26,2,27.5,0
16.5,40.1,294.6,berries,fragile,2,2,2,0.5,1
13.8,32.5,91.7,carrot,normal,1,9,3,17.0,0
8.0,33.4,159.9,apple,hardy,0,17,3,23.0,0
38.9,76.4,13.3,milk,fragile,2,3,3,0.5,1
38.7,84.3,209.1,onion,hardy,0,15,1,0.5,1
10.5,46.3,165.2,carrot,normal,1,12,1,12.3,0
28.0,58.3,219.3,apple,hardy,0,26,3,17.8,0
31.5,30.9,35.7,banana,normal,1,5,1,2.3,0
20.2,55.9,185.1,onion,hardy,0,18,1,12.3,0
5.5,90.7,150.8,banana,normal,1,8,1,7.5,0
35.4,71.4,240.5,tomato,normal,1,7,2,0.5,1
33.4,83.3,188.2,potato,hardy,0,15,1,0.5,1
12.5,54.5,12.6,potato,hardy,0,17,2,23.7,0
28.0,55.1,204.8,milk,fragile,2,2,2,0.5,1
17.2,90.9,12.7,tomato,normal,1,9,1,4.7,0
24.2,57.5,171.0,potato,hardy,0,15,3,8.9,0
25.3,86.4,169.0,apple,hardy,0,21,1,10.0,0
31.4,36.7,270.9,apple,hardy,0,18,2,5.0,1
18.6,30.7,271.7,leafy_vegetables,fragile,2,4,1,0.5,1
38.3,67.3,189.9,banana,normal,1,9,1,0.5,1
31.3,81.5,237.1,milk,fragile,2,5,1,0.5,1
7.0,65.7,133.0,carrot,normal,1,15,3,20.4,0
34.3,57.7,67.6,potato,hardy,0,16,1,7.6,0
10.1,63.4,70.7,berries,fragile,2,1,1,2.8,0
25.7,52.8,212.7,milk,fragile,2,5,3,0.5,1
19.8,88.9,34.2,banana,normal,1,6,3,4.3,0
27.7,78.5,175.4,apple,hardy,0,23,2,12.2,0
7.9,64.3,131.5,milk,fragile,2,4,2,6.4,0
6.5,90.1,275.8,milk,fragile,2,3,3,0.5,1
10.8,44.1,89.1,onion,hardy,0,19,1,20.8,0
37.0,92.3,18.3,milk,fragile,2,4,2,0.5,1
11.6,60.1,106.7,onion,hardy,0,26,2,25.1,0
9.7,35.0,282.2,potato,hardy,0,30,3,30.4,0
37.2,35.4,263.1,apple,hardy,0,27,3,13.4,0
21.8,94.0,113.6,tomato,normal,1,13,2,4.4,0
34.5,84.5,141.1,banana,normal,1,5,3,0.5,1
37.0,68.0,218.1,onion,hardy,0,24,2,10.9,0
13.4,43.3,76.2,milk,fragile,2,5,1,7.9,0
9.0,73.7,156.6,banana,normal,1,7,2,6.5,0
34.8,65.9,168.7,berries,fragile,2,3,2,0.5,1
31.4,70.3,211.5,leafy_vegetables,fragile,2,4,3,0.5,1
26.3,71.4,166.9,carrot,normal,1,6,3,0.5,1
26.8,86.1,284.9,berries,fragile,2,1,2,0.5,0
14.0,59.8,294.0,tomato,normal,1,6,1,0.5,1
23.8,59.9,175.8,leafy_vegetables,fragile,2,4,3,0.5,1
35.6,63.5,292.0,apple,hardy,0,24,1,5.6,1
11.2,35.8,37.1,carrot,normal,1,14,1,19.0,0
9.5,51.5,97.2,carrot,normal,1,13,2,20.2,0
37.2,34.0,83.8,banana,normal,1,12,1,2.8,1
11.5,43.6,111.8,apple,hardy,0,28,2,29.2,0
7.2,39.6,40.8,tomato,normal,1,11,3,23.4,0
23.6,37.0,134.8,banana,normal,1,7,3,4.4,0
24.7,84.6,27.7,onion,hardy,0,26,2,20.7,0
17.0,60.8,107.2,potato,hardy,0,27,1,28.5,0
24.5,68.1,169.8,carrot,normal,1,13,2,4.2,0
36.5,69.5,74.1,onion,hardy,0,27,3,19.1,0
12.9,53.7,146.9,onion,hardy,0,25,2,25.0,0
33.2,33.6,252.9,carrot,normal,1,7,3,0.5,1
39.1,61.9,217.1,berries,fragile,2,1,2,0.5,0
23.7,61.0,251.7,banana,normal,1,10,1,0.5,1
26.4,48.8,174.8,milk,fragile,2,4,3,0.5,1
25.8,54.0,136.8,apple,hardy,0,21,1,11.6,0
9.9,30.2,35.9,tomato,normal,1,12,3,22.5,0
32.8,36.9,255.4,banana,normal,1,9,2,0.5,1
37.4,76.9,15.4,leafy_vegetables,fragile,2,3,1,0.5,1
12.1,40.6,50.1,potato,hardy,0,17,1,21.8,0
25.6,74.4,136.1,potato,hardy,0,30,2,25.4,0
15.5,78.6,151.3,milk,fragile,2,1,1,0.5,0
36.7,70.6,36.0,tomato,normal,1,7,2,0.5,1
16.7,39.1,238.4,leafy_vegetables,fragile,2,1,1,0.5,0
31.3,76.0,233.8,onion,hardy,0,28,1,12.0,0
31.7,87.0,103.3,carrot,normal,1,8,2,0.7,1
23.9,61.6,123.3,milk,fragile,2,2,1,0.5,1
25.9,66.8,215.1,leafy_vegetables,fragile,2,5,3,0.5,1
15.1,70.0,273.6,leafy_vegetables,fragile,2,2,2,0.5,1
5.6,86.7,279.7,potato,hardy,0,22,1,14.9,0
7.7,36.8,252.3,onion,hardy,0,21,3,24.8,0
13.3,40.8,56.7,onion,hardy,0,23,3,27.7,0
19.0,33.6,101.2,leafy_vegetables,fragile,2,5,1,3.0,0
9.0,56.9,259.2,tomato,normal,1,6,2,1.1,1
25.5,32.1,273.9,milk,fragile,2,1,2,0.5,0
6.2,50.2,234.4,berries,fragile,2,2,3,3.6,0
11.5,49.5,93.7,milk,fragile,2,3,2,4.9,0
17.2,60.4,187.9,leafy_vegetables,fragile,2,3,1,0.5,1
22.4,79.7,31.8,onion,hardy,0,21,1,13.1,0
18.1,47.6,193.6,leafy_vegetables,fragile,2,4,1,0.8,1
28.5,31.3,32.1,leafy_vegetables,fragile,2,5,3,2.6,0
27.8,45.5,30.7,leafy_vegetables,fragile,2,3,2,0.9,0
5.5,35.6,63.2,berries,fragile,2,5,3,14.1,0
19.7,88.0,245.4,milk,fragile,2,2,3,0.5,1
17.1,80.3,109.5,milk,fragile,2,4,1,1.2,1
31.7,39.1,260.7,berries,fragile,2,1,3,0.5,0
27.2,46.8,42.7,onion,hardy,0,28,3,23.4,0
36.5,74.9,205.3,carrot,normal,1,6,2,0.5,1
7.4,56.3,149.7,onion,hardy,0,19,3,23.4,0
9.8,88.5,262.3,carrot,normal,1,13,2,10.9,0
19.2,80.1,127.2,onion,hardy,0,26,2,21.0,0
11.5,35.9,231.5,banana,normal,1,9,1,6.6,0
15.4,66.8,143.3,apple,hardy,0,22,3,23.2,0
30.6,44.0,10.3,carrot,normal,1,7,3,6.7,0
10.4,70.5,142.8,milk,fragile,2,1,1,0.5,0
22.3,74.7,131.0,potato,hardy,0,17,3,13.4,0
5.2,36.7,95.1,berries,fragile,2,3,3,13.2,0
32.7,74.9,156.9,potato,hardy,0,30,2,18.5,0
28.1,75.0,254.9,potato,hardy,0,16,1,1.7,1
29.3,33.4,201.3,apple,hardy,0,30,2,23.2,0
29.4,49.3,277.4,banana,normal,1,15,2,2.5,1
21.6,86.0,253.5,milk,fragile,2,3,2,0.5,1
36.0,64.5,132.9,onion,hardy,0,26,3,16.5,0
33.1,65.0,198.8,leafy_vegetables,fragile,2,2,1,0.5,1
5.9,86.6,7.4,carrot,normal,1,6,3,14.7,0
39.9,52.8,230.4,leafy_vegetables,fragile,2,5,1,0.5,1
31.9,57.2,127.0,milk,fragile,2,1,1,0.5,0
8.9,53.1,86.9,tomato,normal,1,9,2,13.7,0
28.8,44.2,285.0,potato,hardy,0,19,1,5.6,1
39.4,87.5,180.6,berries,fragile,2,5,2,0.5,1
13.1,84.0,37.0,apple,hardy,0,16,3,18.1,0
6.3,92.2,248.0,onion,hardy,0,19,1,11.3,0
25.9,64.1,78.8,apple,hardy,0,16,3,13.8,0
39.9,88.3,139.6,carrot,normal,1,12,1,0.5,1
36.1,92.1,258.8,milk,fragile,2,1,1,0.5,0
8.0,56.5,112.4,apple,hardy,0,19,3,24.4,0
36.3,94.4,19.4,potato,hardy,0,30,1,17.2,0
36.7,67.1,199.0,tomato,normal,1,5,3,0.5,1
35.4,76.0,251.3,apple,hardy,0,19,1,0.6,1
29.5,42.3,264.6,banana,normal,1,14,1,2.5,1
33.7,44.9,272.7,carrot,normal,1,8,2,0.5,1
31.5,46.8,58.7,carrot,normal,1,15,1,8.8,0
27.2,65.1,234.2,berries,fragile,2,3,2,0.5,1
23.9,92.6,103.2,banana,normal,1,9,3,2.5,1
32.0,76.1,142.6,milk,fragile,2,2,2,0.5,1
35.5,93.3,290.7,berries,fragile,2,3,3,0.5,1
33.8,54.2,245.8,apple,hardy,0,24,3,13.4,0
10.6,60.5,283.3,berries,fragile,2,5,3,2.0,0
15.4,84.6,232.1,potato,hardy,0,25,2,19.3,0
38.3,39.8,130.3,leafy_vegetables,fragile,2,5,1,0.5,1
39.4,56.6,268.3,potato,hardy,0,16,3,1.9,1
6.1,72.4,111.2,apple,hardy,0,26,3,31.5,0
35.4,80.5,231.5,tomato,normal,1,6,2,0.5,1
32.9,49.1,273.6,leafy_vegetables,fragile,2,3,2,0.5,1
25.9,69.5,75.0,carrot,normal,1,10,1,1.6,1
27.8,51.2,177.5,apple,hardy,0,30,3,23.0,0
18.7,61.2,180.4,carrot,normal,1,13,3,9.8,0
36.8,77.1,225.0,onion,hardy,0,15,1,0.5,1
26.6,75.7,168.3,berries,fragile,2,4,2,0.5,1
23.7,87.4,25.7,onion,hardy,0,18,1,10.8,0
12.0,75.1,246.6,banana,normal,1,11,2,4.0,0
9.3,88.3,178.8,apple,hardy,0,21,1,14.5,0
32.4,69.8,145.8,carrot,normal,1,8,3,0.5,1
32.4,61.3,13.2,carrot,normal,1,15,2,11.1,0
35.5,44.2,292.8,potato,hardy,0,22,1,7.0,0
20.2,32.8,49.3,apple,hardy,0,16,2,16.7,0
27.8,43.0,204.4,apple,hardy,0,20,1,11.9,0
14.0,60.1,260.6,leafy_vegetables,fragile,2,2,3,0.5,1
35.3,67.6,132.1,carrot,normal,1,6,1,0.5,1
36.5,57.4,83.8,banana,normal,1,14,3,8.4,0
9.6,76.5,272.8,milk,fragile,2,2,3,0.5,1
22.9,56.8,21.7,carrot,normal,1,10,1,8.2,0
28.2,36.2,196.0,milk,fragile,2,1,1,0.5,0
28.0,51.1,232.3,banana,normal,1,11,1,0.5,1
10.9,63.8,101.8,berries,fragile,2,1,2,2.7,0
13.7,70.1,212.3,potato,hardy,0,18,2,15.7,0
23.7,80.8,211.9,milk,fragile,2,4,3,0.5,1
6.2,94.1,37.8,milk,fragile,2,4,1,6.7,0
11.3,35.8,31.9,berries,fragile,2,4,3,12.3,0
21.8,74.6,6.2,tomato,normal,1,6,1,4.0,0
22.1,73.3,42.8,leafy_vegetables,fragile,2,5,2,3.5,0
30.7,40.6,57.3,carrot,normal,1,12,3,9.1,0
13.9,73.0,293.6,berries,fragile,2,2,3,0.5,1
13.5,84.0,259.5,carrot,normal,1,15,1,6.2,0
12.5,72.8,118.8,potato,hardy,0,23,1,21.9,0
28.0,95.0,15.4,carrot,normal,1,5,1,0.5,1
24.8,78.0,263.7,potato,hardy,0,20,1,5.4,1
20.3,88.6,263.5,carrot,normal,1,7,3,0.5,1
27.7,51.3,189.4,carrot,normal,1,11,2,3.9,0
18.3,65.7,179.3,milk,fragile,2,3,1,0.5,1
21.2,54.7,259.1,carrot,normal,1,10,2,3.1,0
16.9,54.7,120.2,potato,hardy,0,29,1,30.2,0
31.1,76.5,156.8,berries,fragile,2,3,1,0.5,1
7.5,92.1,196.8,leafy_vegetables,fragile,2,4,3,2.4,0
22.0,46.7,86.2,carrot,normal,1,7,3,8.2,0
30.1,47.7,124.7,carrot,normal,1,15,1,5.9,0
24.9,46.7,288.9,milk,fragile,2,1,2,0.5,0
8.9,30.2,191.8,onion,hardy,0,20,1,23.3,0
11.1,53.5,271.9,berries,fragile,2,2,1,0.5,1
15.6,77.6,255.5,milk,fragile,2,2,3,0.5,1
19.8,39.9,71.3,tomato,normal,1,5,2,7.3,0
8.4,31.5,192.9,milk,fragile,2,3,3,6.6,0
22.4,94.2,41.8,potato,hardy,0,16,1,8.2,0
20.0,76.6,208.0,berries,fragile,2,4,3,0.5,1
36.7,80.2,80.2,carrot,normal,1,5,1,0.5,1
16.3,44.7,107.1,milk,fragile,2,1,1,1.3,0
14.5,68.5,204.4,milk,fragile,2,2,1,0.5,1
28.4,94.6,198.9,berries,fragile,2,3,1,0.5,1
38.5,41.4,207.3,carrot,normal,1,11,1,0.5,1
19.8,83.4,1.4,carrot,normal,1,11,3,10.6,0
34.5,63.9,187.5,potato,hardy,0,22,2,8.4,0
26.3,62.9,48.6,milk,fragile,2,4,1,0.5,1
8.1,90.9,166.6,tomato,normal,1,7,3,5.4,0
38.0,86.8,49.4,banana,normal,1,15,2,5.9,0
18.9,65.1,188.8,banana,normal,1,12,2,9.3,0
30.2,39.2,64.4,carrot,normal,1,13,2,8.7,0
27.4,83.5,40.6,carrot,normal,1,5,2,0.5,1
9.9,88.4,249.0,berries,fragile,2,3,3,0.5,1
7.4,31.7,41.4,onion,hardy,0,26,1,33.5,0
22.7,58.6,32.6,apple,hardy,0,30,2,30.3,0
18.5,66.7,58.3,leafy_vegetables,fragile,2,2,1,0.5,1
31.4,70.3,89.9,banana,normal,1,7,3,0.5,1
22.8,94.8,244.4,milk,fragile,2,4,3,0.5,1
19.9,38.5,266.1,onion,hardy,0,30,2,22.8,0
11.2,55.2,289.2,carrot,normal,1,6,3,1.1,1
19.7,81.4,175.1,banana,normal,1,14,3,9.2,0
34.2,70.9,60.5,potato,hardy,0,27,1,15.1,0
14.3,72.0,150.3,apple,hardy,0,19,3,16.3,0
18.2,55.6,138.4,banana,normal,1,14,1,10.3,0
38.4,81.1,95.3,potato,hardy,0,16,1,0.5,1
6.3,88.6,139.0,carrot,normal,1,11,3,12.3,0
20.8,44.8,266.9,banana,normal,1,12,3,5.9,0
31.1,72.8,240.8,potato,hardy,0,22,3,9.4,0
22.8,55.2,139.1,potato,hardy,0,18,3,16.0,0
19.4,65.7,249.3,leafy_vegetables,fragile,2,4,2,0.5,1
32.4,44.8,292.8,apple,hardy,0,16,3,2.8,1
21.7,88.2,97.3,onion,hardy,0,22,3,17.7,0
22.0,89.8,156.7,carrot,normal,1,15,2,5.5,0
20.4,69.8,283.0,berries,fragile,2,4,2,0.5,1
36.0,72.0,86.5,apple,hardy,0,21,2,9.8,0
27.3,44.4,293.5,berries,fragile,2,4,2,0.5,1
31.4,47.5,162.3,berries,fragile,2,2,1,0.5,1
12.5,62.9,252.4,berries,fragile,2,3,1,0.5,1
31.0,69.8,32.7,potato,hardy,0,27,3,22.9,0
10.6,60.0,3.8,potato,hardy,0,26,1,29.8,0
39.7,36.4,121.0,apple,hardy,0,16,2,6.0,0
26.5,74.7,113.2,banana,normal,1,8,1,0.5,1
31.6,32.3,224.0,carrot,normal,1,13,2,2.8,1
34.5,60.6,151.1,leafy_vegetables,fragile,2,4,2,0.5,1
27.5,80.7,65.9,milk,fragile,2,5,2,0.5,1
25.6,61.3,193.1,potato,hardy,0,30,1,19.2,0
29.6,33.4,146.5,banana,normal,1,6,2,0.5,1
27.3,39.7,208.9,milk,fragile,2,2,2,0.5,1
32.6,63.6,132.6,tomato,normal,1,11,2,0.5,1
25.9,77.8,299.5,milk,fragile,2,5,2,0.5,1
27.3,62.3,54.3,potato,hardy,0,20,3,17.9,0
10.8,75.5,176.2,carrot,normal,1,10,2,5.9,0
15.5,91.1,78.5,apple,hardy,0,24,2,22.8,0
29.7,71.0,15.9,tomato,normal,1,6,3,2.1,0
32.3,30.5,18.1,milk,fragile,2,4,2,1.7,0
7.4,33.7,85.4,potato,hardy,0,17,3,24.5,0
13.7,47.7,228.1,berries,fragile,2,1,2,0.5,0
24.7,52.5,95.2,carrot,normal,1,11,3,9.1,0
13.3,77.6,164.9,banana,normal,1,11,3,11.2,0
22.3,93.7,44.3,tomato,normal,1,14,3,10.6,0
21.2,93.2,182.9,potato,hardy,0,27,1,15.1,0
24.6,64.0,35.3,berries,fragile,2,4,2,0.6,1
7.4,76.0,163.5,banana,normal,1,10,2,9.8,0
28.2,44.0,30.2,onion,hardy,0,27,3,28.5,0
15.2,81.2,34.5,berries,fragile,2,2,3,1.2,0
16.6,79.2,156.3,onion,hardy,0,29,1,23.0,0
13.4,59.3,295.5,carrot,normal,1,5,2,0.5,1
22.4,36.9,197.4,onion,hardy,0,25,1,18.6,0
32.1,92.7,61.9,banana,normal,1,12,2,3.6,0
15.9,71.8,59.6,potato,hardy,0,22,2,21.5,0
20.7,66.3,50.6,carrot,normal,1,7,3,11.3,0
30.6,83.3,94.6,milk,fragile,2,3,2,0.5,1
22.7,92.9,125.9,apple,hardy,0,19,3,14.6,0
20.0,40.5,4.8,carrot,normal,1,7,1,11.4,0
33.8,43.6,114.3,potato,hardy,0,27,3,18.8,0
8.9,79.4,296.4,carrot,normal,1,13,2,5.3,0
33.7,87.2,158.1,onion,hardy,0,26,1,9.8,0
20.8,78.7,195.7,apple,hardy,0,15,2,6.3,0
34.5,46.5,10.3,apple,hardy,0,30,1,23.7,0
10.8,72.6,297.5,leafy_vegetables,fragile,2,3,3,0.5,1
12.5,53.4,21.5,tomato,normal,1,9,1,15.2,0
33.3,33.8,269.8,apple,hardy,0,15,3,2.9,1
5.0,41.0,117.5,banana,normal,1,10,2,15.8,0
19.4,82.2,144.2,banana,normal,1,13,1,3.8,1
38.8,38.3,212.6,carrot,normal,1,7,2,0.5,1
26.7,66.3,188.8,apple,hardy,0,26,1,16.3,0
20.7,44.2,37.0,leafy_vegetables,fragile,2,1,1,1.2,0
25.9,49.3,90.7,onion,hardy,0,23,2,19.0,0
28.4,68.6,267.8,berries,fragile,2,5,3,0.5,1
39.8,85.6,156.9,leafy_vegetables,fragile,2,4,1,0.5,1
22.1,77.9,158.0,apple,hardy,0,18,1,8.6,0
32.1,69.1,267.9,carrot,normal,1,10,1,0.5,1
20.6,81.3,192.2,apple,hardy,0,21,3,13.8,0
27.8,91.8,180.6,apple,hardy,0,23,3,11.4,0
19.2,87.9,1.9,apple,hardy,0,26,1,25.2,0
39.0,51.5,145.1,berries,fragile,2,3,2,0.5,1
23.1,30.4,3.3,potato,hardy,0,22,2,26.9,0
18.9,32.9,84.1,onion,hardy,0,15,1,14.5,0
9.0,52.4,152.7,potato,hardy,0,21,1,24.5,0
9.6,47.9,119.0,leafy_vegetables,fragile,2,4,3,9.1,0
14.0,73.8,89.7,potato,hardy,0,21,2,22.2,0
35.5,46.7,199.9,apple,hardy,0,29,1,15.9,0
9.2,57.2,225.6,tomato,normal,1,14,1,12.8,0
27.6,72.0,266.5,banana,normal,1,14,1,0.5,1
9.9,37.5,47.1,carrot,normal,1,8,3,18.9,0
34.0,94.4,246.2,onion,hardy,0,28,1,9.3,0
22.0,67.5,14.1,leafy_vegetables,fragile,2,1,1,0.5,0
34.6,75.0,129.5,onion,hardy,0,27,3,14.3,0
15.7,81.3,134.5,milk,fragile,2,3,2,2.9,0
8.5,87.8,4.7,apple,hardy,0,23,3,27.2,0
23.4,63.3,50.5,tomato,normal,1,8,3,7.2,0
27.3,52.1,22.4,carrot,normal,1,15,2,13.9,0
28.7,69.4,110.0,potato,hardy,0,15,2,7.4,0
6.4,32.0,117.0,onion,hardy,0,17,2,24.6,0
31.5,59.8,87.5,carrot,normal,1,14,1,6.3,0
39.4,48.7,288.4,tomato,normal,1,10,1,0.5,1
21.7,64.6,51.3,potato,hardy,0,25,1,21.5,0
11.8,33.7,103.4,tomato,normal,1,15,1,19.6,0
10.8,67.9,299.9,leafy_vegetables,fragile,2,2,1,0.5,1
35.8,70.5,171.2,apple,hardy,0,17,2,2.8,1
18.8,32.6,143.2,apple,hardy,0,17,2,17.0,0
17.4,59.8,12.4,banana,normal,1,15,2,16.3,0
32.8,47.9,263.3,milk,fragile,2,1,2,0.5,0
15.6,61.9,157.2,banana,normal,1,12,2,10.7,0
26.2,89.7,109.3,leafy_vegetables,fragile,2,3,1,0.5,1
31.8,67.3,286.9,leafy_vegetables,fragile,2,1,3,0.5,0
27.4,49.4,72.9,potato,hardy,0,20,3,19.3,0
6.1,86.7,158.6,tomato,normal,1,9,2,10.1,0
14.8,43.7,287.3,tomato,normal,1,7,3,2.5,0
30.8,84.2,222.4,leafy_vegetables,fragile,2,5,1,0.5,1
31.8,85.0,184.5,potato,hardy,0,23,3,9.3,0
7.3,52.7,34.2,banana,normal,1,6,1,13.7,0
8.5,86.5,204.8,potato,hardy,0,21,1,15.7,0
7.6,56.2,89.3,carrot,normal,1,11,2,17.0,0
37.5,56.3,271.9,leafy_vegetables,fragile,2,5,1,0.5,1
6.2,44.0,125.4,tomato,normal,1,10,1,15.8,0
30.2,86.4,136.7,milk,fragile,2,4,2,0.5,1
33.8,82.3,166.2,carrot,normal,1,8,3,0.5,1
32.1,47.6,149.5,apple,hardy,0,16,2,7.7,0
31.2,50.6,1.0,milk,fragile,2,5,2,0.9,1
14.7,76.0,19.7,carrot,normal,1,12,2,13.0,0
17.6,47.6,253.0,milk,fragile,2,3,2,0.5,1
36.8,54.5,289.3,apple,hardy,0,15,1,0.5,1
34.5,73.9,42.6,apple,hardy,0,19,1,12.1,0
11.4,48.1,39.8,milk,fragile,2,1,3,7.5,0
27.5,33.1,108.7,leafy_vegetables,fragile,2,4,3,1.6,0
21.0,43.6,111.2,apple,hardy,0,26,1,22.8,0
19.6,76.8,112.0,potato,hardy,0,25,2,21.6,0
12.6,74.1,182.7,carrot,normal,1,13,2,10.6,0
16.0,71.9,119.1,banana,normal,1,10,2,6.7,0
15.1,53.9,18.4,potato,hardy,0,20,2,21.7,0
5.5,54.6,101.9,onion,hardy,0,15,2,20.9,0
6.1,77.9,99.7,carrot,normal,1,8,2,11.1,0
28.7,50.3,232.4,carrot,normal,1,5,3,0.5,1
25.1,35.0,115.4,banana,normal,1,6,1,1.4,1
32.1,63.7,105.1,potato,hardy,0,26,2,15.5,0
27.6,93.3,254.3,milk,fragile,2,3,1,0.5,1
10.3,88.5,213.3,onion,hardy,0,16,1,11.7,0
31.2,60.8,18.3,tomato,normal,1,12,2,7.6,0
17.8,44.6,59.6,berries,fragile,2,1,2,3.6,0
32.3,67.6,44.9,tomato,normal,1,12,1,1.8,1
33.3,91.6,101.9,leafy_vegetables,fragile,2,4,2,0.5,1
7.1,74.8,207.3,apple,hardy,0,19,2,15.3,0
38.5,64.4,73.3,tomato,normal,1,14,1,1.8,1
7.7,47.9,242.3,onion,hardy,0,28,2,24.4,0
10.8,59.0,63.5,banana,normal,1,5,3,13.0,0
32.8,85.5,73.4,apple,hardy,0,23,2,13.2,0
20.3,68.6,22.9,milk,fragile,2,2,2,2.6,0
11.7,81.5,272.5,carrot,normal,1,5,2,0.5,1
31.5,40.5,143.6,carrot,normal,1,5,3,0.5,1
32.3,92.4,229.3,leafy_vegetables,fragile,2,4,1,0.5,1
27.2,44.4,97.2,banana,normal,1,11,2,6.8,0
20.0,31.9,144.8,berries,fragile,2,5,1,2.0,0
38.4,62.2,154.3,leafy_vegetables,fragile,2,1,3,0.5,0
6.1,33.8,133.9,milk,fragile,2,1,2,6.2,0
19.5,85.1,270.8,apple,hardy,0,27,2,17.1,0
34.4,78.9,69.4,berries,fragile,2,1,1,0.5,0
20.1,76.7,169.4,potato,hardy,0,17,1,7.7,0
14.9,52.9,268.3,banana,normal,1,14,3,9.7,0
36.1,65.4,62.1,berries,fragile,2,3,1,0.5,1
12.2,34.6,21.6,berries,fragile,2,3,3,8.1,0
16.6,75.1,231.6,leafy_vegetables,fragile,2,4,2,0.5,1
35.7,65.0,85.5,berries,fragile,2,5,3,0.5,1
39.1,44.7,92.0,potato,hardy,0,18,1,3.0,1
6.8,42.4,93.7,leafy_vegetables,fragile,2,4,3,13.1,0
15.6,51.1,214.1,berries,fragile,2,3,3,1.7,0
18.0,88.6,242.2,tomato,normal,1,12,3,4.3,0
19.5,79.0,7.2,apple,hardy,0,29,2,31.4,0
14.4,70.8,145.1,tomato,normal,1,8,1,4.6,0
24.6,80.7,212.8,milk,fragile,2,4,3,0.5,1
20.7,40.3,54.9,potato,hardy,0,25,3,27.5,0
34.8,52.4,10.2,banana,normal,1,13,1,6.8,0
16.7,93.6,257.1,onion,hardy,0,15,3,7.2,0
15.9,61.4,152.5,milk,fragile,2,1,2,1.3,0
34.4,30.7,211.4,leafy_vegetables,fragile,2,2,2,0.5,1
33.6,65.5,290.1,milk,fragile,2,5,3,0.5,1
30.1,86.1,54.6,potato,hardy,0,17,2,9.4,0
16.1,83.1,151.0,leafy_vegetables,fragile,2,3,3,0.5,1
36.7,30.8,202.5,banana,normal,1,5,1,0.5,1
19.4,90.8,129.7,apple,hardy,0,19,2,12.7,0
17.5,35.5,100.7,banana,normal,1,9,2,10.9,0
27.1,42.9,126.1,banana,normal,1,12,2,7.0,0
37.9,89.5,4.4,onion,hardy,0,27,2,17.5,0
11.6,67.8,62.1,potato,hardy,0,26,1,27.5,0
26.2,63.6,222.3,leafy_vegetables,fragile,2,4,2,0.5,1
25.8,41.2,277.7,banana,normal,1,13,3,5.1,0
26.8,72.2,81.0,banana,normal,1,10,2,5.9,0
23.4,46.2,1.6,tomato,normal,1,7,1,8.6,0
10.4,91.4,221.2,tomato,normal,1,15,1,9.2,0
6.8,70.8,116.3,tomato,normal,1,5,3,11.3,0
38.5,55.9,252.1,apple,hardy,0,30,2,11.8,0
37.0,58.2,78.4,milk,fragile,2,3,1,0.5,1
5.3,68.3,184.4,apple,hardy,0,23,1,23.8,0
33.6,33.3,273.5,milk,fragile,2,1,3,0.5,0
14.5,46.1,19.7,onion,hardy,0,16,1,20.9,0
18.0,51.6,265.6,berries,fragile,2,3,3,0.5,1
24.0,43.0,185.4,leafy_vegetables,fragile,2,3,1,0.5,1
37.2,68.0,162.0,tomato,normal,1,5,1,0.5,1
28.3,81.2,136.8,tomato,normal,1,14,1,4.0,1
27.7,90.9,20.1,carrot,normal,1,10,2,2.7,1
5.8,49.6,151.3,berries,fragile,2,3,1,6.8,0
31.8,56.6,196.9,milk,fragile,2,5,1,0.5,1
32.5,91.3,224.3,potato,hardy,0,27,3,11.8,0
15.8,46.2,155.0,potato,hardy,0,23,3,25.7,0
17.4,83.9,237.0,potato,hardy,0,28,3,19.2,0
37.9,87.0,31.7,carrot,normal,1,10,1,0.5,1
22.6,42.6,257.8,milk,fragile,2,1,2,0.5,0
5.5,49.2,138.3,tomato,normal,1,8,3,11.2,0
20.0,78.1,259.0,leafy_vegetables,fragile,2,4,1,0.5,1
5.7,40.8,267.4,onion,hardy,0,24,2,24.5,0
8.7,44.5,156.2,banana,normal,1,11,3,15.2,0
12.7,92.4,185.3,berries,fragile,2,1,1,0.5,0
20.0,65.2,209.2,milk,fragile,2,2,3,0.5,1
35.5,71.0,160.2,milk,fragile,2,1,1,0.5,0
16.8,39.3,207.9,potato,hardy,0,27,3,27.1,0
22.8,57.3,6.4,berries,fragile,2,3,1,1.8,0
21.6,66.4,188.9,apple,hardy,0,26,2,19.5,0
21.3,86.8,61.8,potato,hardy,0,20,3,18.6,0
20.8,41.9,256.6,apple,hardy,0,29,1,19.4,0
33.1,88.6,61.8,tomato,normal,1,10,2,0.5,1
31.0,85.1,164.1,milk,fragile,2,5,1,0.5,1
13.1,91.3,13.8,banana,normal,1,7,3,5.9,0
30.5,69.5,212.3,berries,fragile,2,4,3,0.5,1
18.3,84.0,252.9,leafy_vegetables,fragile,2,4,1,0.5,1
32.0,65.6,20.9,berries,fragile,2,2,1,0.5,1
28.7,79.3,5.4,banana,normal,1,15,3,16.1,0
17.1,55.4,48.4,milk,fragile,2,3,3,8.7,0
24.0,79.3,92.8,tomato,normal,1,15,1,7.3,0
11.5,69.0,258.6,banana,normal,1,14,2,7.0,0
29.4,54.9,246.7,onion,hardy,0,28,2,16.0,0
29.2,47.2,281.8,onion,hardy,0,27,2,12.6,0
14.7,72.6,247.3,onion,hardy,0,21,2,13.1,0
33.8,60.0,295.0,apple,hardy,0,19,2,1.4,1
14.1,32.2,263.9,potato,hardy,0,29,3,28.4,0
28.3,51.0,269.5,onion,hardy,0,22,3,12.5,0
8.3,78.6,244.0,onion,hardy,0,30,1,24.3,0
40.0,51.2,224.7,banana,normal,1,14,1,0.5,1
15.6,50.7,288.4,leafy_vegetables,fragile,2,3,3,0.5,1
19.2,30.9,25.0,apple,hardy,0,17,1,20.2,0
22.9,30.3,281.6,leafy_vegetables,fragile,2,5,1,0.5,1
18.7,34.5,191.9,onion,hardy,0,25,3,22.8,0
35.4,54.6,112.1,apple,hardy,0,29,1,18.5,0
39.8,93.8,195.2,milk,fragile,2,2,1,0.5,1
34.1,53.6,259.2,leafy_vegetables,fragile,2,3,3,0.5,1
6.9,71.9,292.3,potato,hardy,0,24,2,22.1,0
11.3,75.8,137.1,milk,fragile,2,1,3,2.3,0
10.9,31.2,234.0,onion,hardy,0,25,3,27.8,0
36.9,71.5,286.1,carrot,normal,1,6,1,0.5,1
14.7,89.9,175.4,potato,hardy,0,20,3,15.6,0
37.0,70.1,74.6,carrot,normal,1,15,2,4.8,0
39.2,74.4,113.3,milk,fragile,2,1,3,0.5,0
21.3,85.1,19.7,milk,fragile,2,5,3,5.8,0
28.4,88.0,92.5,milk,fragile,2,3,2,0.5,1
21.6,33.6,282.8,carrot,normal,1,9,3,5.1,0
31.6,92.9,132.5,milk,fragile,2,3,3,0.5,1
14.0,53.1,202.5,carrot,normal,1,14,1,8.5,0
32.2,35.0,296.0,banana,normal,1,10,3,0.5,1
9.8,67.7,152.1,carrot,normal,1,12,2,12.0,0
35.6,58.7,295.3,berries,fragile,2,1,2,0.5,0
11.7,52.6,164.6,tomato,normal,1,14,1,14.3,0
23.8,84.6,296.8,leafy_vegetables,fragile,2,4,1,0.5,1
22.2,61.4,251.6,potato,hardy,0,23,3,14.6,0
9.3,75.4,125.4,berries,fragile,2,5,2,8.4,0
27.6,44.9,166.2,carrot,normal,1,15,1,6.7,0
25.0,42.0,84.3,banana,normal,1,10,3,8.6,0
38.9,67.1,43.8,onion,hardy,0,30,2,21.3,0
17.9,35.7,167.5,berries,fragile,2,5,3,4.5,0
12.7,44.2,262.3,apple,hardy,0,29,3,28.0,0
26.8,69.0,17.0,tomato,normal,1,5,1,0.5,1
8.3,61.6,276.3,milk,fragile,2,3,1,0.5,1
36.8,60.4,140.4,banana,normal,1,11,1,0.5,1
40.0,80.0,120.0,onion,hardy,0,16,2,0.5,1
6.1,43.3,102.8,apple,hardy,0,18,3,25.5,0
6.8,32.3,165.8,milk,fragile,2,1,1,7.3,0
20.7,45.4,15.8,leafy_vegetables,fragile,2,5,1,6.3,0
29.3,69.7,60.8,berries,fragile,2,3,3,0.5,1
27.8,43.7,167.4,leafy_vegetables,fragile,2,5,1,0.5,1
23.4,80.4,71.1,apple,hardy,0,22,3,17.3,0
38.7,73.4,280.0,potato,hardy,0,15,3,0.5,1
38.2,87.5,222.0,carrot,normal,1,5,2,0.5,1
20.9,74.1,163.4,berries,fragile,2,4,3,0.5,1
8.1,94.5,162.8,milk,fragile,2,4,2,1.6,0
8.2,40.6,179.0,banana,normal,1,13,3,17.6,0
36.7,83.1,227.4,banana,normal,1,7,1,0.5,1
13.7,76.6,257.0,potato,hardy,0,18,2,10.0,0
20.4,77.4,282.1,milk,fragile,2,1,1,0.5,0
11.1,61.6,36.0,onion,hardy,0,29,1,33.5,0
24.1,88.7,103.8,onion,hardy,0,21,3,17.5,0
8.7,86.7,157.4,berries,fragile,2,2,3,3.2,0
33.0,36.8,173.5,leafy_vegetables,fragile,2,5,3,0.5,1
25.5,44.7,268.8,milk,fragile,2,1,2,0.5,0
11.0,66.9,89.6,leafy_vegetables,fragile,2,5,1,8.0,0
32.8,32.1,234.8,carrot,normal,1,6,3,0.5,1
25.1,39.0,206.9,apple,hardy,0,19,2,15.1,0
7.7,88.2,238.4,milk,fragile,2,1,2,0.5,0
21.3,61.3,252.4,onion,hardy,0,28,2,18.1,0
25.2,79.5,234.7,milk,fragile,2,5,3,0.5,1
26.1,90.9,94.2,milk,fragile,2,3,2,0.5,1
16.6,90.3,253.6,carrot,normal,1,11,3,5.3,0
7.7,53.1,165.6,leafy_vegetables,fragile,2,4,2,6.3,0
18.1,46.6,32.7,potato,hardy,0,20,1,23.2,0
15.1,66.2,9.7,leafy_vegetables,fragile,2,4,2,9.4,0
10.9,87.2,167.6,onion,hardy,0,22,2,21.8,0
12.7,87.6,280.4,apple,hardy,0,21,3,14.2,0
27.0,56.2,226.0,tomato,normal,1,6,2,0.5,1
36.3,72.8,3.4,banana,normal,1,8,2,3.2,0
22.5,58.2,75.6,apple,hardy,0,30,2,28.6,0
24.6,83.9,214.1,banana,normal,1,8,3,0.5,1
12.4,85.7,246.3,potato,hardy,0,20,3,14.4,0
20.9,80.7,299.3,leafy_vegetables,fragile,2,1,3,0.5,0
15.7,42.9,20.6,tomato,normal,1,9,1,13.2,0
10.6,41.1,126.0,tomato,normal,1,14,1,13.2,0
7.9,55.6,31.0,carrot,normal,1,13,1,20.3,0
13.2,31.5,250.6,carrot,normal,1,11,1,10.2,0
13.1,86.4,278.0,milk,fragile,2,2,2,0.5,1
25.4,30.7,236.4,apple,hardy,0,29,3,25.2,0
24.8,30.4,19.5,tomato,normal,1,15,3,20.6,0
23.0,42.6,28.9,leafy_vegetables,fragile,2,3,1,3.2,0
12.9,44.7,245.4,apple,hardy,0,24,1,19.6,0
35.5,35.4,64.1,apple,hardy,0,21,2,13.8,0
20.5,51.7,119.0,potato,hardy,0,18,2,16.2,0
36.9,65.6,220.4,apple,hardy,0,18,3,1.9,1
9.4,41.1,248.4,carrot,normal,1,7,2,4.8,0
14.1,87.6,268.8,carrot,normal,1,11,1,1.9,1
27.7,86.9,237.4,leafy_vegetables,fragile,2,4,1,0.5,1
6.2,94.3,10.0,carrot,normal,1,14,1,20.7,0
9.1,41.0,106.2,leafy_vegetables,fragile,2,1,3,11.0,0
31.9,58.2,134.5,milk,fragile,2,4,2,0.5,1
5.8,57.9,84.4,onion,hardy,0,21,3,28.7,0
13.9,60.6,148.2,berries,fragile,2,4,1,0.5,1
32.7,69.2,154.0,onion,hardy,0,24,3,13.3,0
9.7,39.9,267.0,milk,fragile,2,2,2,0.5,1
25.1,57.9,83.5,onion,hardy,0,30,1,25.9,0
28.1,72.4,76.1,potato,hardy,0,30,2,22.1,0
9.3,75.6,34.9,onion,hardy,0,30,2,35.6,0
5.5,35.3,78.3,onion,hardy,0,26,3,36.0,0
28.5,77.1,148.3,tomato,normal,1,13,2,3.4,1
22.5,34.5,27.9,apple,hardy,0,22,2,25.6,0
37.1,56.4,43.8,carrot,normal,1,8,1,0.5,1
15.8,84.4,184.7,potato,hardy,0,17,2,12.3,0
14.5,44.2,198.9,milk,fragile,2,4,3,5.6,0
17.0,38.7,29.2,tomato,normal,1,10,1,11.1,0
16.1,88.1,193.8,berries,fragile,2,3,3,0.5,1
23.9,85.3,287.3,carrot,normal,1,9,3,0.5,1
8.0,65.7,114.6,potato,hardy,0,19,1,18.3,0
16.0,36.3,53.9,milk,fragile,2,3,3,7.8,0
35.6,94.7,175.2,onion,hardy,0,29,1,9.4,0
28.5,74.3,95.3,onion,hardy,0,15,3,7.4,0
28.3,37.8,172.2,leafy_vegetables,fragile,2,4,1,0.5,1
15.0,58.8,185.5,potato,hardy,0,25,2,22.0,0
23.3,48.3,90.1,berries,fragile,2,4,1,1.4,0
25.5,65.4,70.9,leafy_vegetables,fragile,2,2,2,0.5,1
6.5,62.4,207.1,leafy_vegetables,fragile,2,4,2,5.6,0
33.3,67.9,219.3,apple,hardy,0,25,3,9.9,0
39.9,75.5,231.4,milk,fragile,2,3,3,0.5,1
29.6,51.5,203.0,potato,hardy,0,30,3,21.2,0
20.9,56.8,280.5,apple,hardy,0,27,3,19.5,0
18.2,34.0,102.5,milk,fragile,2,3,2,2.9,0
8.7,37.4,282.4,tomato,normal,1,12,1,11.4,0
7.2,82.9,282.2,carrot,normal,1,5,2,2.1,0
10.3,61.0,180.9,tomato,normal,1,6,1,1.5,1
28.6,32.5,186.4,potato,hardy,0,24,2,15.4,0
25.8,86.7,173.5,apple,hardy,0,22,1,10.3,0
24.8,89.0,119.5,leafy_vegetables,fragile,2,3,1,0.5,1
20.1,68.7,25.1,leafy_vegetables,fragile,2,2,2,2.5,0
16.0,81.4,274.8,carrot,normal,1,14,2,0.5,1
37.9,38.1,262.7,apple,hardy,0,24,3,11.1,0
23.1,67.7,280.8,banana,normal,1,14,1,0.5,1
33.3,91.8,7.6,onion,hardy,0,20,1,9.3,0
27.5,54.8,17.3,berries,fragile,2,3,3,2.0,0
12.6,58.8,15.5,carrot,normal,1,15,2,20.7,0
33.0,66.1,248.0,onion,hardy,0,24,2,10.8,0
25.9,56.9,287.4,apple,hardy,0,21,2,6.8,0
25.0,42.0,18.8,milk,fragile,2,5,3,7.8,0
23.3,44.7,200.3,tomato,normal,1,11,3,4.5,0
12.1,55.1,16.3,berries,fragile,2,5,3,12.0,0
35.9,47.6,59.1,apple,hardy,0,18,3,14.0,0
24.5,92.4,15.6,milk,fragile,2,2,3,3.5,0
23.9,72.0,14.6,onion,hardy,0,30,3,29.0,0
10.9,38.3,37.9,onion,hardy,0,23,2,31.4,0
39.6,74.5,284.7,apple,hardy,0,28,2,8.8,0
5.1,73.6,192.9,banana,normal,1,13,3,11.7,0
39.6,32.7,290.4,onion,hardy,0,30,2,11.4,0
32.9,74.0,164.5,carrot,normal,1,6,2,0.5,1
27.7,84.8,98.2,milk,fragile,2,5,2,0.5,1
39.2,41.8,239.9,leafy_vegetables,fragile,2,4,2,0.5,1
18.0,63.9,21.3,leafy_vegetables,fragile,2,1,2,1.9,0
26.7,67.0,18.7,tomato,normal,1,12,3,13.8,0
25.0,58.2,39.1,leafy_vegetables,fragile,2,1,1,0.5,0
29.5,68.3,281.7,leafy_vegetables,fragile,2,1,2,0.5,0
12.0,50.5,68.2,potato,hardy,0,29,3,34.7,0
14.1,75.2,170.6,banana,normal,1,9,3,6.8,0
22.1,38.7,79.1,tomato,normal,1,5,1,2.0,0
19.5,89.0,73.5,carrot,normal,1,15,2,12.2,0
38.0,41.3,142.0,carrot,normal,1,6,3,0.5,1
36.4,42.8,7.7,apple,hardy,0,25,2,22.3,0
16.1,70.8,242.7,tomato,normal,1,10,1,1.9,1
14.4,42.9,74.8,milk,fragile,2,1,2,5.8,0
25.6,57.7,185.0,potato,hardy,0,21,3,15.9,0
14.9,56.0,243.7,onion,hardy,0,18,3,15.8,0
15.8,49.1,80.5,milk,fragile,2,3,3,9.1,0
28.2,74.1,279.6,apple,hardy,0,27,2,13.0,0
15.1,87.2,15.7,tomato,normal,1,13,2,13.5,0
36.9,32.6,154.2,onion,hardy,0,22,2,10.1,0
39.2,72.0,280.4,leafy_vegetables,fragile,2,2,2,0.5,1
38.8,55.6,40.1,apple,hardy,0,23,2,15.5,0
25.1,43.4,151.8,onion,hardy,0,17,2,14.9,0
18.9,30.4,157.5,apple,hardy,0,30,2,27.8,0
31.3,88.3,254.0,apple,hardy,0,17,1,0.5,1
7.2,61.6,33.6,milk,fragile,2,4,2,11.6,0
24.1,90.2,261.5,berries,fragile,2,2,2,0.5,1
34.9,51.3,17.1,banana,normal,1,12,2,6.4,0
13.5,49.9,20.0,berries,fragile,2,5,3,13.7,0
33.4,91.5,94.6,banana,normal,1,11,3,0.5,1
29.7,78.2,203.6,potato,hardy,0,25,3,11.6,0
38.6,44.2,27.4,leafy_vegetables,fragile,2,1,3,0.5,0
28.7,71.3,121.1,leafy_vegetables,fragile,2,1,1,0.5,0
29.8,36.9,251.8,apple,hardy,0,30,3,17.9,0
17.7,87.2,217.9,potato,hardy,0,16,3,10.6,0
38.6,74.1,189.8,leafy_vegetables,fragile,2,3,3,0.5,1
35.2,38.6,293.3,banana,normal,1,8,1,0.5,1
17.5,52.4,156.6,banana,normal,1,11,2,8.8,0
22.7,63.0,42.4,apple,hardy,0,20,3,16.2,0
19.5,57.4,235.7,onion,hardy,0,19,3,11.5,0
28.6,38.9,83.8,carrot,normal,1,6,3,4.3,0
15.9,85.0,78.6,carrot,normal,1,13,3,13.7,0
19.7,44.3,1.1,potato,hardy,0,30,2,34.9,0
30.7,87.0,217.1,onion,hardy,0,15,3,1.0,1
17.2,54.4,186.8,potato,hardy,0,23,2,19.9,0
6.9,42.3,12.6,carrot,normal,1,12,1,20.6,0
16.9,58.9,203.0,carrot,normal,1,5,2,0.9,1
24.7,48.2,235.0,carrot,normal,1,5,2,0.5,1
14.3,64.8,257.8,banana,normal,1,14,3,10.5,0
39.7,91.8,42.0,berries,fragile,2,3,3,0.5,1
7.1,44.6,109.6,banana,normal,1,10,1,14.5,0
16.9,76.1,298.1,apple,hardy,0,28,2,20.6,0
34.6,89.5,215.7,milk,fragile,2,3,3,0.5,1
9.9,58.6,145.4,potato,hardy,0,30,2,29.5,0
22.6,30.9,241.1,onion,hardy,0,26,3,21.6,0
38.3,79.0,134.2,carrot,normal,1,6,3,0.5,1
15.9,62.7,239.1,carrot,normal,1,8,1,0.5,1
32.8,44.3,56.6,carrot,normal,1,14,3,10.9,0
14.1,93.0,220.7,apple,hardy,0,21,1,13.1,0
31.7,37.1,294.4,onion,hardy,0,30,3,18.0,0
17.0,70.8,58.4,tomato,normal,1,5,2,5.5,0
7.4,51.8,94.8,banana,normal,1,11,2,17.6,0
33.9,74.8,166.0,banana,normal,1,5,1,0.5,1
27.5,69.1,209.1,banana,normal,1,15,3,4.4,1
21.5,60.7,114.1,onion,hardy,0,21,2,15.6,0
25.2,85.5,217.9,banana,normal,1,9,3,0.5,1
7.8,39.6,90.1,tomato,normal,1,12,1,15.4,0
8.9,67.1,174.9,potato,hardy,0,25,2,24.8,0
20.5,48.4,25.2,potato,hardy,0,16,1,15.0,0
12.0,87.9,35.4,onion,hardy,0,25,2,28.4,0
6.9,50.4,150.3,leafy_vegetables,fragile,2,3,1,5.0,0
14.2,70.6,249.0,carrot,normal,1,6,3,0.5,1
24.4,49.5,129.8,onion,hardy,0,17,3,15.9,0
26.0,52.0,163.8,milk,fragile,2,1,1,0.5,0
19.1,73.8,135.7,potato,hardy,0,21,1,17.1,0
12.7,37.3,179.3,milk,fragile,2,2,1,0.5,1
18.3,36.9,159.9,potato,hardy,0,25,2,25.6,0
23.4,76.0,76.4,onion,hardy,0,26,2,22.3,0
12.2,30.1,12.7,tomato,normal,1,11,1,19.0,0
10.4,77.3,180.5,carrot,normal,1,8,2,4.1,0
17.0,72.2,21.5,banana,normal,1,6,2,9.0,0
18.8,60.8,256.5,tomato,normal,1,8,2,0.5,1
8.1,80.5,254.4,milk,fragile,2,3,3,1.0,0
27.2,42.8,64.3,potato,hardy,0,22,1,16.8,0
24.6,85.8,200.4,potato,hardy,0,21,3,11.7,0
6.8,77.2,37.3,carrot,normal,1,7,2,13.5,0
26.0,40.8,114.5,apple,hardy,0,23,2,19.4,0
11.7,73.3,187.4,carrot,normal,1,13,3,12.0,0
16.7,63.8,60.1,carrot,normal,1,14,1,16.3,0
14.7,66.3,104.8,carrot,normal,1,8,3,8.2,0
15.1,77.1,251.1,leafy_vegetables,fragile,2,4,1,0.5,1
6.7,70.5,19.9,carrot,normal,1,14,3,21.6,0
26.5,45.4,145.6,onion,hardy,0,16,3,11.2,0
22.7,80.0,19.5,berries,fragile,2,1,2,0.5,0
6.3,33.4,250.4,leafy_vegetables,fragile,2,1,1,0.5,0
6.4,59.2,173.7,potato,hardy,0,16,2,19.0,0
16.0,36.9,110.7,carrot,normal,1,11,2,15.3,0
29.0,48.9,61.2,banana,normal,1,10,3,8.9,0
7.0,61.6,273.9,onion,hardy,0,24,1,17.5,0
34.8,66.3,154.9,apple,hardy,0,25,2,13.2,0
35.1,75.2,4.2,tomato,normal,1,14,3,7.6,0
31.8,56.4,264.1,berries,fragile,2,3,1,0.5,1
14.5,50.6,253.6,tomato,normal,1,11,3,9.2,0
11.4,79.2,142.8,leafy_vegetables,fragile,2,4,3,5.8,0
6.4,51.2,141.1,tomato,normal,1,5,1,7.1,0
19.9,66.8,7.3,apple,hardy,0,26,1,25.0,0
15.6,32.4,152.1,tomato,normal,1,10,1,11.4,0
39.2,42.2,134.1,milk,fragile,2,2,1,0.5,1
37.8,47.9,100.3,banana,normal,1,12,1,0.5,1
12.1,92.0,275.6,banana,normal,1,11,1,0.5,1
20.2,86.5,55.0,tomato,normal,1,13,3,13.3,0
9.7,45.8,88.2,potato,hardy,0,16,1,18.4,0
10.9,53.1,120.6,tomato,normal,1,12,3,17.4,0
25.9,73.2,126.4,berries,fragile,2,3,1,0.5,1
14.0,90.7,40.2,apple,hardy,0,29,2,31.8,0
22.6,89.1,215.5,leafy_vegetables,fragile,2,5,1,0.5,1
21.0,60.9,116.4,leafy_vegetables,fragile,2,1,3,0.5,0
19.6,87.1,62.0,milk,fragile,2,5,3,3.5,0
39.0,63.3,88.0,leafy_vegetables,fragile,2,5,2,0.5,1
9.5,49.4,234.2,carrot,normal,1,11,1,9.6,0
16.6,91.1,103.6,potato,hardy,0,30,2,24.4,0
21.1,76.1,295.1,onion,hardy,0,19,3,8.4,0
14.9,42.0,12.8,potato,hardy,0,15,1,18.6,0
37.8,59.7,87.8,milk,fragile,2,1,2,0.5,0
26.3,66.9,237.8,onion,hardy,0,26,2,16.0,0
16.8,70.0,278.1,apple,hardy,0,21,2,12.1,0
36.2,47.1,142.2,carrot,normal,1,10,3,2.1,1
18.7,59.1,219.3,tomato,normal,1,10,1,4.9,0
7.6,37.5,261.0,apple,hardy,0,30,3,31.3,0
36.8,30.4,243.4,potato,hardy,0,22,3,11.0,0
10.7,92.4,161.7,berries,fragile,2,3,1,0.5,1
12.5,86.4,286.8,milk,fragile,2,1,3,0.5,0
6.9,38.4,18.3,milk,fragile,2,1,1,8.7,0
8.2,73.4,40.9,onion,hardy,0,22,2,26.5,0
5.5,88.2,9.7,leafy_vegetables,fragile,2,4,1,10.7,0
17.0,82.6,72.2,banana,normal,1,5,1,1.7,0
10.0,42.1,55.4,banana,normal,1,6,2,14.0,0
13.5,59.3,277.8,potato,hardy,0,21,2,17.1,0
14.2,67.8,215.7,carrot,normal,1,7,3,5.1,0
23.4,74.7,82.8,onion,hardy,0,20,1,13.6,0
18.5,53.0,95.4,leafy_vegetables,fragile,2,5,2,4.8,0
23.3,71.7,236.1,carrot,normal,1,13,3,6.6,0
26.3,35.8,203.4,leafy_vegetables,fragile,2,2,2,0.5,1
34.5,32.0,253.3,carrot,normal,1,7,2,0.5,1
28.7,37.7,21.6,berries,fragile,2,1,1,0.5,0
30.0,47.6,228.3,banana,normal,1,13,2,5.4,0
17.8,55.4,293.0,milk,fragile,2,3,3,0.5,1
14.3,62.9,233.5,banana,normal,1,15,2,11.3,0
11.4,45.1,191.1,tomato,normal,1,13,2,12.1,0
31.8,49.8,243.7,leafy_vegetables,fragile,2,4,3,0.5,1
29.3,94.2,68.3,tomato,normal,1,12,1,0.5,1
5.1,46.9,156.0,tomato,normal,1,11,2,14.1,0
27.1,63.7,16.3,onion,hardy,0,27,3,23.0,0
22.6,51.0,78.2,apple,hardy,0,26,1,22.8,0
37.5,86.4,212.6,leafy_vegetables,fragile,2,2,3,0.5,1
34.2,67.5,194.3,milk,fragile,2,2,2,0.5,1
6.2,71.5,25.4,milk,fragile,2,3,2,10.3,0
29.2,81.7,49.8,banana,normal,1,10,2,0.5,1
35.7,64.3,140.7,berries,fragile,2,5,3,0.5,1
7.6,37.3,15.7,potato,hardy,0,24,3,35.9,0
9.7,55.1,246.5,milk,fragile,2,2,1,2.4,0
27.4,52.2,299.3,onion,hardy,0,22,3,11.0,0
5.9,75.3,217.9,apple,hardy,0,21,1,20.3,0
27.8,93.9,273.6,leafy_vegetables,fragile,2,4,2,0.5,1
17.7,83.7,210.7,leafy_vegetables,fragile,2,5,2,0.5,1
38.1,47.9,120.0,tomato,normal,1,5,1,0.5,1
37.0,93.8,198.9,berries,fragile,2,5,2,0.5,1
16.0,38.1,197.0,berries,fragile,2,5,1,3.3,0
36.2,59.2,138.3,leafy_vegetables,fragile,2,2,1,0.5,1
19.7,84.5,263.3,carrot,normal,1,9,1,0.5,1
8.6,89.2,246.3,berries,fragile,2,2,2,0.5,1
31.5,67.9,56.8,berries,fragile,2,5,1,0.5,1
25.6,84.6,6.2,banana,normal,1,9,2,3.8,0
14.6,31.7,220.8,leafy_vegetables,fragile,2,4,3,2.2,0
28.6,43.4,106.4,milk,fragile,2,2,3,0.5,1
38.7,70.8,56.0,apple,hardy,0,27,2,15.1,0
25.3,70.2,234.7,berries,fragile,2,2,2,0.5,1
16.0,92.3,11.0,potato,hardy,0,23,2,24.0,0
29.9,41.4,71.4,leafy_vegetables,fragile,2,2,1,0.5,1
39.2,44.4,63.2,banana,normal,1,5,3,0.5,1
36.3,67.3,105.9,berries,fragile,2,2,1,0.5,1
39.4,49.0,89.2,milk,fragile,2,2,2,0.5,1
13.8,89.5,80.4,leafy_vegetables,fragile,2,1,2,0.5,0
10.9,92.9,136.4,apple,hardy,0,15,1,10.2,0
8.3,39.4,32.3,berries,fragile,2,3,2,11.0,0
30.7,84.6,163.9,banana,normal,1,6,1,0.5,1
17.8,44.9,66.3,tomato,normal,1,11,3,15.1,0
19.9,52.2,55.8,milk,fragile,2,3,2,0.5,1
12.9,38.6,266.2,apple,hardy,0,17,2,14.8,0
20.1,58.5,93.8,tomato,normal,1,14,1,10.3,0
37.9,91.9,72.6,carrot,normal,1,5,1,0.5,1
5.1,40.6,105.5,tomato,normal,1,12,2,19.0,0
28.8,49.5,137.9,tomato,normal,1,11,1,3.7,0
25.9,37.0,6.1,berries,fragile,2,2,2,1.3,0
5.2,82.4,24.0,berries,fragile,2,1,3,10.9,0
39.2,92.7,50.0,tomato,normal,1,7,2,0.5,1
14.5,83.0,114.1,carrot,normal,1,13,2,9.1,0
39.5,83.4,85.2,apple,hardy,0,20,1,7.7,0
25.3,90.4,149.5,apple,hardy,0,19,2,12.0,0
17.6,71.4,22.1,leafy_vegetables,fragile,2,3,2,3.5,0
21.6,83.0,130.2,apple,hardy,0,26,3,22.6,0
13.7,89.2,47.2,onion,hardy,0,26,2,26.7,0
13.3,43.7,221.1,tomato,normal,1,12,2,11.1,0
17.0,31.2,207.2,milk,fragile,2,2,3,0.5,1
23.4,43.0,225.4,berries,fragile,2,1,1,0.5,0
18.4,41.6,106.2,leafy_vegetables,fragile,2,4,2,3.8,0
25.2,68.8,221.9,potato,hardy,0,25,1,12.1,0
26.9,53.3,298.7,tomato,normal,1,5,2,0.5,1
15.2,86.5,271.4,onion,hardy,0,22,2,15.3,0
21.2,46.0,274.5,tomato,normal,1,10,2,2.8,1
23.7,71.1,163.3,carrot,normal,1,11,3,3.1,1
6.8,60.4,256.1,leafy_vegetables,fragile,2,3,2,1.1,0
9.4,54.8,9.4,carrot,normal,1,10,3,20.9,0
20.0,49.9,288.7,leafy_vegetables,fragile,2,3,3,0.5,1
21.8,93.2,2.5,onion,hardy,0,16,1,12.2,0
19.2,44.3,160.5,potato,hardy,0,21,3,18.6,0
34.6,71.3,13.4,carrot,normal,1,14,3,8.2,0
16.8,30.5,204.4,apple,hardy,0,22,3,22.8,0
10.6,81.4,185.3,tomato,normal,1,9,1,2.4,1
31.9,82.7,120.7,onion,hardy,0,25,2,15.4,0
32.0,61.5,269.4,banana,normal,1,15,3,2.3,1
38.9,39.6,282.3,carrot,normal,1,7,1,0.5,1
18.2,92.7,82.8,milk,fragile,2,5,2,1.4,1
14.0,75.6,5.3,leafy_vegetables,fragile,2,5,2,8.8,0
5.5,65.2,138.4,onion,hardy,0,27,3,32.0,0
31.8,61.5,45.7,tomato,normal,1,5,1,0.5,1
35.5,69.9,48.0,milk,fragile,2,3,3,0.5,1
13.9,82.2,245.5,banana,normal,1,8,1,0.5,1
20.9,79.0,40.6,milk,fragile,2,4,2,0.7,1
5.0,92.6,275.3,potato,hardy,0,22,2,17.4,0
8.6,31.0,185.2,milk,fragile,2,2,3,5.8,0
16.2,79.6,240.9,onion,hardy,0,21,2,13.7,0
9.4,57.8,49.1,tomato,normal,1,11,2,16.9,0
11.7,60.8,109.1,potato,hardy,0,28,2,31.4,0
34.7,62.0,142.1,onion,hardy,0,28,3,18.7,0
16.7,62.0,172.3,tomato,normal,1,10,3,8.5,0
23.5,66.2,293.5,milk,fragile,2,3,1,0.5,1
15.7,32.3,97.6,onion,hardy,0,30,2,32.2,0
20.7,92.8,113.8,banana,normal,1,13,1,2.7,1
7.7,73.2,72.0,onion,hardy,0,21,2,24.9,0
24.7,43.3,222.9,apple,hardy,0,27,3,20.4,0
17.3,77.0,96.4,banana,normal,1,14,3,13.9,0
22.3,35.3,59.6,onion,hardy,0,29,1,28.4,0
14.4,75.7,198.0,carrot,normal,1,14,2,9.7,0
12.1,37.2,115.6,banana,normal,1,5,3,10.2,0
10.3,48.5,113.4,leafy_vegetables,fragile,2,5,3,12.2,0
7.7,31.2,31.6,banana,normal,1,6,2,12.7,0
30.9,37.7,227.2,banana,normal,1,6,2,0.5,1
19.1,94.6,53.3,carrot,normal,1,9,3,7.4,0
12.1,78.5,298.7,leafy_vegetables,fragile,2,5,2,0.5,1
18.0,46.6,147.2,banana,normal,1,13,1,9.1,0
22.9,64.3,168.9,leafy_vegetables,fragile,2,2,1,0.5,1
25.8,43.7,35.8,banana,normal,1,5,2,4.0,0
32.4,90.9,207.9,onion,hardy,0,22,2,5.8,1
34.5,43.6,22.7,onion,hardy,0,21,3,18.1,0
31.9,90.2,145.6,banana,normal,1,6,2,0.5,1
9.3,56.1,105.9,carrot,normal,1,5,1,6.4,0
18.1,39.8,239.7,leafy_vegetables,fragile,2,4,3,1.5,0
18.3,33.1,53.8,berries,fragile,2,4,2,7.1,0
22.3,30.3,150.8,apple,hardy,0,24,3,22.4,0
27.5,72.3,260.2,banana,normal,1,11,3,1.6,1
10.9,42.2,4.2,berries,fragile,2,4,2,12.6,0
36.2,48.7,99.0,apple,hardy,0,29,2,19.4,0
34.3,44.0,37.0,apple,hardy,0,20,2,14.8,0
39.1,84.8,150.8,milk,fragile,2,3,2,0.5,1
28.5,73.2,136.4,berries,fragile,2,2,2,0.5,1
26.8,69.4,255.0,milk,fragile,2,5,3,0.5,1
20.6,39.2,31.6,milk,fragile,2,2,1,3.6,0
10.0,55.3,285.6,tomato,normal,1,10,1,3.6,0
5.6,75.7,7.5,carrot,normal,1,5,3,13.5,0
24.8,62.8,5.0,carrot,normal,1,5,2,4.1,0
14.7,90.7,217.3,tomato,normal,1,14,1,6.9,0
6.0,70.2,153.3,potato,hardy,0,18,1,17.3,0
38.3,56.6,140.5,tomato,normal,1,5,1,0.5,1
30.1,65.0,153.1,potato,hardy,0,28,2,17.3,0
15.0,46.1,193.9,tomato,normal,1,10,3,10.4,0
19.6,34.8,82.8,leafy_vegetables,fragile,2,1,3,4.5,0
23.9,59.8,283.6,carrot,normal,1,11,3,0.5,1
24.0,70.9,77.8,potato,hardy,0,29,3,26.3,0
16.8,90.8,273.8,tomato,normal,1,13,3,2.2,1
30.9,83.8,290.4,apple,hardy,0,20,3,5.1,1
13.6,59.9,188.9,apple,hardy,0,28,3,30.7,0
14.8,66.7,27.4,apple,hardy,0,18,1,20.6,0
22.4,51.4,132.7,carrot,normal,1,5,2,2.9,0
12.1,86.8,18.9,berries,fragile,2,5,3,10.6,0
18.9,42.9,128.0,leafy_vegetables,fragile,2,2,1,0.5,1
39.6,60.2,18.4,berries,fragile,2,1,2,0.5,0
30.7,46.4,147.8,carrot,normal,1,10,1,1.9,1
18.3,92.0,262.4,milk,fragile,2,3,2,0.5,1
40.0,70.5,129.9,onion,hardy,0,20,3,8.1,0
39.9,58.0,96.8,carrot,normal,1,12,2,1.1,1
6.4,52.6,80.3,leafy_vegetables,fragile,2,1,2,5.5,0
22.0,75.7,255.7,berries,fragile,2,3,3,0.5,1
32.9,65.6,195.3,berries,fragile,2,1,1,0.5,0
30.5,70.9,108.6,tomato,normal,1,10,3,2.3,1
10.7,48.0,20.7,leafy_vegetables,fragile,2,1,3,8.7,0
9.6,54.2,8.7,potato,hardy,0,24,3,32.0,0
21.6,30.6,26.3,apple,hardy,0,18,3,23.5,0
34.9,74.4,16.6,potato,hardy,0,26,1,17.5,0
12.3,64.9,221.4,berries,fragile,2,5,3,4.5,0
11.5,34.3,299.6,tomato,normal,1,11,3,10.9,0
36.6,90.2,3.7,tomato,normal,1,13,3,4.4,0
28.4,87.7,138.5,leafy_vegetables,fragile,2,4,3,0.5,1
14.4,62.2,26.7,potato,hardy,0,15,3,19.2,0
10.1,58.7,100.9,berries,fragile,2,5,1,6.4,0
30.0,53.8,16.8,tomato,normal,1,8,1,3.5,0
13.4,51.0,56.0,onion,hardy,0,20,3,24.8,0
28.0,52.2,224.5,potato,hardy,0,18,3,7.8,0
10.9,71.4,292.5,onion,hardy,0,30,2,23.5,0
28.2,89.3,262.3,milk,fragile,2,2,2,0.5,1
16.9,76.7,86.8,carrot,normal,1,15,1,10.3,0
26.6,61.4,117.7,leafy_vegetables,fragile,2,4,3,0.5,1
25.4,64.7,179.3,apple,hardy,0,23,3,14.6,0
36.5,80.8,59.4,berries,fragile,2,2,3,0.5,1
7.0,73.7,159.6,potato,hardy,0,22,1,18.9,0
19.2,61.5,162.7,berries,fragile,2,4,2,2.5,0
29.3,66.1,210.2,carrot,normal,1,8,3,0.5,1
27.4,52.0,272.2,tomato,normal,1,13,3,1.4,1
31.5,81.6,148.9,carrot,normal,1,12,3,0.7,1
29.0,85.8,27.5,carrot,normal,1,6,2,0.5,1
13.4,57.2,76.1,onion,hardy,0,28,2,29.9,0
33.3,55.2,239.0,tomato,normal,1,12,1,0.5,1
18.8,81.5,84.5,berries,fragile,2,4,2,0.5,1
23.5,72.6,70.7,carrot,normal,1,7,3,5.8,0
29.3,31.0,112.4,milk,fragile,2,3,1,0.5,1
19.5,48.4,85.9,carrot,normal,1,14,2,13.1,0
17.4,82.6,89.1,milk,fragile,2,4,2,0.7,1
32.9,47.4,74.1,tomato,normal,1,8,1,0.5,1
20.4,44.2,40.0,potato,hardy,0,23,3,27.0,0
21.4,68.4,266.2,leafy_vegetables,fragile,2,3,3,0.5,1
6.2,67.4,236.2,tomato,normal,1,5,1,2.1,0
37.7,52.4,49.1,banana,normal,1,13,1,5.2,0
36.1,58.7,43.7,onion,hardy,0,17,2,10.2,0
30.8,87.3,130.7,milk,fragile,2,3,3,0.5,1
15.1,66.3,92.0,potato,hardy,0,22,3,24.0,0
15.0,48.2,48.8,milk,fragile,2,5,2,10.5,0
32.7,88.9,292.6,berries,fragile,2,2,1,0.5,1
26.1,82.4,47.9,carrot,normal,1,6,1,0.5,1
9.8,57.7,166.1,carrot,normal,1,8,3,9.1,0
37.9,86.0,169.7,milk,fragile,2,5,3,0.5,1
9.4,36.9,206.8,carrot,normal,1,5,3,7.3,0
25.3,70.8,110.2,tomato,normal,1,15,1,6.9,0
30.9,57.7,100.8,milk,fragile,2,2,3,0.5,1
35.1,76.1,145.2,carrot,normal,1,6,2,0.5,1
38.8,44.0,243.5,berries,fragile,2,2,2,0.5,1
16.3,90.8,109.6,milk,fragile,2,3,3,0.5,1
15.1,68.1,177.8,milk,fragile,2,2,2,0.5,1
34.3,50.1,152.7,banana,normal,1,8,2,0.5,1
37.6,89.0,234.6,banana,normal,1,10,1,0.5,1
36.8,71.2,22.5,tomato,normal,1,13,2,2.3,1
7.7,64.6,91.7,leafy_vegetables,fragile,2,1,1,4.0,0
20.0,77.6,101.6,apple,hardy,0,22,2,16.3,0
21.7,41.7,146.2,milk,fragile,2,4,2,1.2,1
5.2,90.9,32.8,carrot,normal,1,7,1,9.3,0
21.1,88.5,279.1,banana,normal,1,6,3,0.5,1
16.2,57.4,69.7,carrot,normal,1,12,3,14.8,0
14.2,33.4,70.1,leafy_vegetables,fragile,2,3,1,7.4,0
37.4,72.1,114.5,apple,hardy,0,26,3,14.6,0
33.4,86.3,52.5,banana,normal,1,13,3,2.8,1
27.9,63.3,48.5,carrot,normal,1,5,3,1.1,1
16.1,79.8,149.9,potato,hardy,0,27,2,23.4,0
24.8,79.6,41.8,apple,hardy,0,28,1,22.8,0
5.7,78.9,142.7,leafy_vegetables,fragile,2,5,3,7.3,0
15.2,54.4,153.2,milk,fragile,2,1,2,1.5,0
37.7,86.6,127.1,banana,normal,1,5,3,0.5,1
26.1,33.9,124.6,berries,fragile,2,4,2,2.3,0
31.2,83.8,231.6,milk,fragile,2,3,1,0.5,1
16.4,60.7,263.3,onion,hardy,0,23,1,12.6,0
38.1,45.6,72.7,tomato,normal,1,10,2,1.7,1
36.9,52.5,186.8,onion,hardy,0,23,3,12.4,0
34.1,79.8,105.8,leafy_vegetables,fragile,2,3,1,0.5,1
10.8,69.4,213.0,onion,hardy,0,19,3,18.8,0
7.7,53.2,224.5,potato,hardy,0,18,2,18.5,0
6.4,94.0,115.7,apple,hardy,0,30,3,34.2,0
14.1,71.3,136.8,onion,hardy,0,26,3,26.8,0
10.3,90.6,115.5,milk,fragile,2,1,1,0.5,0
20.7,83.9,91.5,potato,hardy,0,21,3,17.7,0
13.6,88.5,273.3,onion,hardy,0,24,3,14.3,0
27.2,59.3,102.0,berries,fragile,2,2,2,0.5,1
26.8,34.8,151.6,apple,hardy,0,18,1,11.0,0
24.5,78.0,101.3,milk,fragile,2,5,3,3.7,0
26.7,50.1,26.7,apple,hardy,0,18,1,14.7,0
6.5,50.1,96.7,potato,hardy,0,16,1,18.4,0
39.9,94.8,58.2,tomato,normal,1,11,3,0.5,1
13.6,87.3,125.4,tomato,normal,1,9,2,6.2,0
23.1,89.0,241.5,milk,fragile,2,2,1,0.5,1
36.8,38.0,160.7,apple,hardy,0,24,3,15.1,0
21.8,41.2,225.9,tomato,normal,1,14,2,7.7,0
10.7,61.6,221.8,carrot,normal,1,13,1,10.1,0
14.3,90.7,216.3,apple,hardy,0,28,2,22.9,0
26.6,80.0,32.1,potato,hardy,0,19,3,15.4,0
23.1,60.0,95.0,banana,normal,1,8,1,3.9,0
19.4,70.9,210.1,carrot,normal,1,15,1,4.9,0
13.5,61.4,266.2,carrot,normal,1,9,3,5.5,0
8.4,60.9,297.5,berries,fragile,2,4,2,0.5,1
16.0,61.6,143.9,potato,hardy,0,29,3,27.1,0
10.1,46.6,274.4,tomato,normal,1,13,3,13.0,0
24.0,38.5,230.1,leafy_vegetables,fragile,2,2,2,0.5,1
9.7,63.7,34.7,leafy_vegetables,fragile,2,3,1,6.0,0
18.4,81.7,137.4,leafy_vegetables,fragile,2,5,1,0.5,1
32.4,36.7,33.1,carrot,normal,1,8,1,3.4,0
20.4,65.1,290.4,berries,fragile,2,1,1,0.5,0
38.2,57.5,3.8,tomato,normal,1,11,1,2.6,1
26.5,86.5,198.9,milk,fragile,2,2,3,0.5,1
26.0,75.2,247.8,banana,normal,1,15,2,6.7,0
20.4,84.2,278.9,potato,hardy,0,24,3,11.4,0
13.9,93.8,294.9,berries,fragile,2,5,1,0.5,1
19.3,51.2,223.7,onion,hardy,0,29,1,23.4,0
20.7,59.0,268.8,berries,fragile,2,4,2,0.5,1
39.7,72.8,16.1,potato,hardy,0,25,1,16.5,0
12.3,62.8,163.9,potato,hardy,0,29,1,23.6,0
7.2,71.8,176.7,tomato,normal,1,5,3,7.6,0
17.7,71.6,39.6,leafy_vegetables,fragile,2,4,2,6.6,0
30.0,61.2,121.3,banana,normal,1,14,1,2.9,1
15.6,53.6,20.9,milk,fragile,2,2,1,5.4,0
26.3,56.2,63.1,tomato,normal,1,15,3,13.1,0
28.2,45.4,30.3,carrot,normal,1,13,3,12.7,0
17.2,57.6,39.3,carrot,normal,1,13,3,14.8,0
28.6,80.5,167.4,carrot,normal,1,5,2,0.5,1
29.7,45.2,81.6,carrot,normal,1,9,3,6.7,0
30.6,40.0,256.8,tomato,normal,1,15,3,6.6,0
26.1,37.9,24.5,berries,fragile,2,4,3,7.8,0
28.9,74.5,151.1,apple,hardy,0,16,2,6.5,0
14.9,88.2,8.2,banana,normal,1,11,2,14.1,0
11.4,68.3,168.4,milk,fragile,2,3,1,0.5,1
29.1,49.6,188.2,carrot,normal,1,10,3,2.8,1
17.7,44.1,201.2,carrot,normal,1,12,2,9.2,0
17.5,63.5,92.1,banana,normal,1,15,2,12.4,0
11.8,37.6,185.3,milk,fragile,2,5,3,8.3,0
17.9,36.5,93.6,milk,fragile,2,2,3,3.5,0
12.6,41.9,130.1,berries,fragile,2,4,3,7.9,0
5.2,32.3,273.6,milk,fragile,2,4,2,7.1,0
31.4,92.1,231.9,onion,hardy,0,19,3,3.4,1
11.8,88.0,138.1,apple,hardy,0,22,2,20.5,0
8.3,48.9,295.1,milk,fragile,2,3,1,0.5,1
35.4,84.2,250.1,potato,hardy,0,15,3,0.5,1
16.8,50.1,7.0,potato,hardy,0,15,2,22.5,0
35.5,59.0,103.5,tomato,normal,1,5,2,0.5,1
30.1,46.2,263.4,leafy_vegetables,fragile,2,3,1,0.5,1
14.5,43.8,181.5,berries,fragile,2,5,1,3.8,0
28.4,65.3,250.0,potato,hardy,0,23,1,9.0,0
19.5,51.3,182.4,tomato,normal,1,12,1,4.7,0
5.8,37.3,183.2,potato,hardy,0,29,2,31.6,0
7.0,54.0,152.2,tomato,normal,1,12,3,15.3,0
32.6,77.0,82.9,carrot,normal,1,6,1,0.5,1
12.9,62.5,252.3,milk,fragile,2,4,1,0.5,1
18.8,42.5,19.3,tomato,normal,1,8,2,12.6,0
38.1,56.6,198.9,leafy_vegetables,fragile,2,5,1,0.5,1
11.6,63.0,159.0,potato,hardy,0,30,2,30.8,0
15.2,55.5,103.3,milk,fragile,2,4,1,5.0,0
17.9,65.2,45.3,carrot,normal,1,8,2,11.2,0
28.5,55.6,1.4,milk,fragile,2,3,1,0.6,1
18.4,44.4,247.6,potato,hardy,0,15,1,8.9,0
34.8,94.8,266.2,apple,hardy,0,27,2,7.4,1
39.9,48.3,200.7,berries,fragile,2,2,2,0.5,1
28.5,42.2,187.8,tomato,normal,1,13,2,5.3,0
16.0,41.6,270.7,berries,fragile,2,3,2,0.5,1
39.0,58.5,258.4,potato,hardy,0,26,1,6.3,1
29.2,63.4,195.5,apple,hardy,0,23,1,9.4,0
26.1,51.2,295.1,milk,fragile,2,3,2,0.5,1
16.4,70.5,17.8,leafy_vegetables,fragile,2,2,2,1.1,0
14.2,40.7,207.1,banana,normal,1,10,3,9.2,0
29.0,80.6,7.0,potato,hardy,0,20,3,18.6,0
11.6,37.2,216.7,potato,hardy,0,25,1,23.7,0
30.4,84.7,90.4,banana,normal,1,13,2,3.6,1
34.3,57.0,229.7,onion,hardy,0,29,1,13.5,0
39.5,63.3,280.3,banana,normal,1,9,1,0.5,1
21.9,36.1,230.7,leafy_vegetables,fragile,2,3,3,0.5,1
30.2,67.0,221.8,onion,hardy,0,17,3,6.2,0
21.2,84.9,269.4,potato,hardy,0,18,1,6.1,0
8.5,32.2,168.6,potato,hardy,0,18,3,22.8,0
16.4,58.4,84.6,potato,hardy,0,30,2,30.5,0
10.1,75.2,43.5,milk,fragile,2,5,1,7.0,0
24.8,90.3,17.4,onion,hardy,0,25,3,21.4,0
21.2,82.4,54.7,apple,hardy,0,22,3,18.1,0
24.7,63.6,218.4,berries,fragile,2,4,2,0.5,1
33.2,94.3,113.8,onion,hardy,0,23,2,12.4,0
13.7,78.6,79.3,berries,fragile,2,2,1,0.5,1
11.9,69.9,27.2,carrot,normal,1,15,3,21.9,0
14.9,54.6,31.8,onion,hardy,0,21,3,28.2,0
29.8,46.2,98.0,carrot,normal,1,7,2,1.6,1
20.9,32.0,263.9,onion,hardy,0,22,3,17.3,0
19.0,85.4,150.6,berries,fragile,2,1,1,0.5,0
27.8,77.3,1.2,onion,hardy,0,20,2,15.3,0
13.2,47.1,12.3,milk,fragile,2,1,1,3.9,0
39.7,46.1,152.4,potato,hardy,0,17,3,7.7,0
19.5,70.0,144.9,tomato,normal,1,12,1,7.6,0
27.9,34.6,189.7,tomato,normal,1,5,2,0.5,1
30.0,66.2,256.6,banana,normal,1,15,3,3.7,1
33.5,32.3,158.9,onion,hardy,0,15,3,5.3,0
36.7,84.5,141.9,milk,fragile,2,3,1,0.5,1
34.5,44.9,260.1,banana,normal,1,11,2,0.5,1
15.6,75.4,237.3,potato,hardy,0,25,3,20.0,0
28.2,87.3,123.4,milk,fragile,2,2,3,0.5,1
16.1,93.3,58.9,potato,hardy,0,18,2,19.7,0
27.7,32.9,17.2,carrot,normal,1,14,3,18.5,0
8.7,83.5,63.8,apple,hardy,0,16,3,18.9,0
14.6,34.9,212.6,potato,hardy,0,26,3,23.7,0
39.4,55.9,125.2,milk,fragile,2,2,3,0.5,1
21.8,32.9,93.6,milk,fragile,2,4,1,1.6,0
28.4,77.6,130.2,leafy_vegetables,fragile,2,1,3,0.5,0
21.5,71.8,33.3,banana,normal,1,10,3,11.0,0
16.0,71.2,32.6,leafy_vegetables,fragile,2,1,1,1.5,0
39.2,32.4,134.1,milk,fragile,2,5,3,0.5,1
17.6,60.9,109.7,potato,hardy,0,20,2,17.2,0
32.6,73.1,104.4,carrot,normal,1,11,3,2.2,1
29.3,81.0,248.1,banana,normal,1,11,2,0.5,1
9.5,31.7,206.8,milk,fragile,2,2,1,3.4,0
13.2,35.5,78.5,berries,fragile,2,3,3,7.6,0
14.5,82.3,185.0,onion,hardy,0,25,3,19.0,0
16.3,84.5,90.0,berries,fragile,2,1,1,0.5,0
24.6,92.5,188.6,berries,fragile,2,4,3,0.5,1
29.7,77.8,91.7,milk,fragile,2,5,3,0.5,1
29.3,32.6,252.0,onion,hardy,0,27,1,15.3,0
19.1,49.5,241.2,berries,fragile,2,2,2,0.5,1
16.8,68.3,136.9,leafy_vegetables,fragile,2,2,3,1.8,0
32.2,83.4,18.8,potato,hardy,0,17,2,9.2,0
8.5,47.6,256.7,milk,fragile,2,3,2,1.3,0
21.0,91.2,266.5,milk,fragile,2,4,3,0.5,1
21.5,76.2,132.3,leafy_vegetables,fragile,2,1,3,0.5,0
29.3,82.1,119.9,apple,hardy,0,22,2,12.2,0
9.3,58.2,119.6,leafy_vegetables,fragile,2,5,1,3.9,0
21.8,51.7,135.3,onion,hardy,0,21,2,14.5,0
29.0,84.2,75.7,carrot,normal,1,14,2,3.8,1
22.0,50.4,43.4,berries,fragile,2,2,1,1.2,0
19.6,85.3,69.7,milk,fragile,2,5,2,0.9,1
39.2,64.6,271.7,tomato,normal,1,5,2,0.5,1
6.7,82.1,181.7,tomato,normal,1,13,3,12.8,0
26.9,74.5,38.5,carrot,normal,1,15,2,10.5,0
30.6,45.7,52.3,berries,fragile,2,2,1,0.5,1
28.8,94.0,9.6,milk,fragile,2,5,3,1.4,1
32.2,69.6,291.3,berries,fragile,2,4,1,0.5,1
15.9,70.0,207.6,tomato,normal,1,14,3,9.9,0
6.3,65.8,212.9,apple,hardy,0,29,2,30.3,0
16.2,46.4,160.7,leafy_vegetables,fragile,2,4,1,0.5,1
18.5,56.1,235.2,carrot,normal,1,7,1,0.5,1
19.7,61.3,113.5,tomato,normal,1,10,3,9.2,0
11.8,83.0,241.0,milk,fragile,2,4,3,0.5,1
39.4,42.9,41.1,onion,hardy,0,29,1,18.7,0
37.8,63.8,110.1,milk,fragile,2,1,2,0.5,0
9.2,45.0,105.9,tomato,normal,1,12,1,17.9,0
37.6,37.2,122.5,leafy_vegetables,fragile,2,1,2,0.5,0
21.4,86.9,243.4,apple,hardy,0,22,3,11.2,0
16.0,49.2,220.3,banana,normal,1,10,2,8.3,0
13.7,52.2,51.3,banana,normal,1,14,1,16.8,0
8.9,58.8,76.7,potato,hardy,0,19,2,20.7,0
10.3,76.2,203.5,carrot,normal,1,10,2,5.5,0
6.4,55.4,237.5,potato,hardy,0,16,2,17.8,0
39.9,36.7,55.0,tomato,normal,1,13,3,5.1,0
21.7,88.6,11.4,banana,normal,1,14,3,12.4,0
26.4,75.2,103.4,milk,fragile,2,3,2,0.5,1
22.8,57.5,120.0,onion,hardy,0,16,1,9.5,0
5.9,77.0,243.3,potato,hardy,0,25,3,25.2,0
20.3,81.0,28.9,onion,hardy,0,27,1,24.5,0
38.5,75.4,63.1,banana,normal,1,11,1,1.1,1
9.4,68.1,229.5,banana,normal,1,7,3,1.5,1
22.8,61.0,81.9,leafy_vegetables,fragile,2,2,1,0.5,1
35.3,78.5,257.5,leafy_vegetables,fragile,2,4,3,0.5,1
29.4,43.4,132.9,milk,fragile,2,5,2,0.5,1
8.9,41.5,129.2,apple,hardy,0,27,1,29.9,0
18.9,48.5,51.8,carrot,normal,1,6,1,8.1,0
5.9,30.8,264.1,apple,hardy,0,20,3,25.7,0
27.6,84.0,15.7,berries,fragile,2,2,1,0.5,1
14.9,64.5,16.5,banana,normal,1,13,1,15.3,0
26.9,75.8,195.6,onion,hardy,0,26,1,13.4,0
21.7,74.8,182.7,milk,fragile,2,3,2,0.5,1
15.3,48.0,150.6,carrot,normal,1,12,3,11.1,0
34.8,46.8,148.0,leafy_vegetables,fragile,2,1,1,0.5,0
26.2,35.8,287.8,berries,fragile,2,1,3,0.5,0
35.0,92.2,150.2,milk,fragile,2,5,2,0.5,1
17.5,84.1,255.4,onion,hardy,0,19,1,4.9,1
20.8,38.7,15.3,leafy_vegetables,fragile,2,1,3,6.1,0
21.6,71.0,272.5,milk,fragile,2,3,2,0.5,1
5.1,86.6,10.1,milk,fragile,2,3,2,10.7,0
35.2,92.5,74.8,potato,hardy,0,18,3,7.7,0
14.5,43.4,196.6,leafy_vegetables,fragile,2,2,1,0.5,1
14.1,94.0,93.6,onion,hardy,0,30,1,27.1,0
30.6,89.7,273.6,apple,hardy,0,23,3,6.8,1
34.5,43.2,223.1,banana,normal,1,12,1,0.5,1
13.8,58.4,156.5,milk,fragile,2,1,3,0.5,0
36.8,76.9,203.5,tomato,normal,1,5,2,0.5,1
22.2,37.2,126.4,onion,hardy,0,25,1,22.3,0
31.7,31.2,280.3,apple,hardy,0,22,1,7.7,0
9.9,31.4,260.9,tomato,normal,1,10,3,12.0,0
10.4,77.7,1.1,carrot,normal,1,10,1,13.3,0
6.7,39.7,124.8,berries,fragile,2,2,1,7.7,0
34.6,59.4,127.9,leafy_vegetables,fragile,2,5,1,0.5,1
32.3,74.2,190.9,apple,hardy,0,29,3,13.7,0
24.5,81.2,162.9,apple,hardy,0,26,3,20.2,0
33.1,72.8,120.0,onion,hardy,0,30,2,19.2,0
34.6,37.5,290.8,berries,fragile,2,5,1,0.5,1
39.7,66.6,107.6,berries,fragile,2,5,3,0.5,1
19.7,92.8,205.5,potato,hardy,0,25,3,18.4,0
20.7,47.8,118.6,potato,hardy,0,28,2,26.3,0
14.8,95.0,81.1,berries,fragile,2,2,1,0.5,1
31.9,87.5,67.2,carrot,normal,1,5,1,0.5,1
35.6,79.6,154.4,leafy_vegetables,fragile,2,3,3,0.5,1
24.0,64.4,105.0,milk,fragile,2,1,2,0.5,0
19.6,76.4,258.5,leafy_vegetables,fragile,2,4,2,0.5,1
22.1,40.1,111.5,milk,fragile,2,5,3,4.7,0
25.0,88.7,119.0,potato,hardy,0,26,2,18.0,0
8.6,84.9,175.1,tomato,normal,1,7,3,9.1,0
33.0,52.5,78.6,carrot,normal,1,10,3,3.0,1
19.3,48.8,242.9,onion,hardy,0,17,3,13.3,0
26.2,69.3,248.3,banana,normal,1,9,1,0.5,1
15.7,90.3,177.0,onion,hardy,0,26,2,22.8,0
31.9,92.4,150.4,apple,hardy,0,16,2,1.4,1
10.5,87.2,130.7,berries,fragile,2,3,2,0.5,1
22.4,66.0,168.1,milk,fragile,2,5,2,0.5,1
38.2,38.8,149.8,banana,normal,1,7,2,0.5,1
16.4,39.3,213.3,leafy_vegetables,fragile,2,5,3,6.2,0
8.0,44.5,57.2,berries,fragile,2,1,2,6.9,0
15.3,30.4,113.5,banana,normal,1,12,3,20.1,0
27.0,81.0,194.8,onion,hardy,0,27,1,12.6,0
28.6,44.0,191.7,leafy_vegetables,fragile,2,2,2,0.5,1
23.4,74.9,265.1,leafy_vegetables,fragile,2,4,1,0.5,1
29.5,77.2,282.8,potato,hardy,0,23,3,7.0,0
11.2,78.3,76.4,banana,normal,1,11,1,12.0,0
7.8,35.8,177.6,carrot,normal,1,11,3,14.5,0
6.1,70.1,228.4,apple,hardy,0,17,1,13.2,0
29.8,78.6,59.9,apple,hardy,0,28,1,18.7,0
16.5,43.6,148.1,berries,fragile,2,5,3,7.6,0
36.5,40.7,241.4,banana,normal,1,9,1,0.5,1
13.9,47.1,167.3,apple,hardy,0,20,3,19.7,0
8.9,48.1,231.7,onion,hardy,0,24,3,24.1,0
20.3,59.4,5.8,potato,hardy,0,17,2,20.2,0
9.0,52.2,289.4,milk,fragile,2,2,2,0.5,1
21.9,40.3,229.5,banana,normal,1,11,2,7.4,0
29.0,84.7,125.0,carrot,normal,1,13,1,0.9,1
17.1,72.6,213.1,berries,fragile,2,4,1,0.5,1
13.3,70.8,91.1,leafy_vegetables,fragile,2,2,3,1.4,0
34.5,67.9,19.4,onion,hardy,0,20,3,12.7,0
38.0,32.7,151.4,carrot,normal,1,12,1,1.8,1
35.7,31.2,220.0,tomato,normal,1,14,3,4.1,1
20.4,32.9,276.1,carrot,normal,1,11,2,4.7,0
26.3,36.8,136.8,apple,hardy,0,24,3,21.2,0
26.5,30.8,208.9,carrot,normal,1,12,3,9.7,0
37.1,38.7,201.8,berries,fragile,2,3,1,0.5,1
10.4,81.6,274.6,banana,normal,1,5,3,0.5,1
7.1,57.9,120.4,carrot,normal,1,6,2,11.1,0
34.7,49.4,180.0,leafy_vegetables,fragile,2,1,3,0.5,0
16.8,31.3,109.7,tomato,normal,1,12,3,16.0,0
39.5,77.6,233.3,onion,hardy,0,20,2,4.5,1
25.0,64.3,12.4,potato,hardy,0,23,1,16.0,0
30.3,30.4,178.1,onion,hardy,0,21,1,11.0,0
11.0,73.4,183.2,apple,hardy,0,18,2,15.4,0
16.0,60.1,117.6,potato,hardy,0,28,3,28.5,0
32.4,90.5,74.5,leafy_vegetables,fragile,2,5,1,0.5,1
24.8,52.0,97.5,berries,fragile,2,5,2,0.6,1
23.2,59.3,4.5,banana,normal,1,13,1,10.1,0
25.7,77.9,171.8,potato,hardy,0,21,3,13.3,0
7.8,57.9,166.7,onion,hardy,0,27,2,27.2,0
31.4,72.2,191.6,milk,fragile,2,4,3,0.5,1
25.6,46.4,61.9,tomato,normal,1,8,1,6.8,0
23.0,40.7,293.3,leafy_vegetables,fragile,2,4,1,0.5,1
27.1,52.1,91.0,apple,hardy,0,25,1,19.4,0
31.6,90.3,138.0,apple,hardy,0,15,3,5.0,0
15.2,74.5,238.6,carrot,normal,1,8,3,4.9,0
35.5,63.0,242.6,berries,fragile,2,5,2,0.5,1
30.2,37.0,254.0,onion,hardy,0,26,1,11.2,0
10.1,50.6,292.8,tomato,normal,1,13,2,9.1,0
23.1,83.2,164.6,carrot,normal,1,10,2,1.0,1
15.2,53.3,282.5,banana,normal,1,11,3,7.2,0
33.9,47.9,279.2,leafy_vegetables,fragile,2,1,3,0.5,0
14.3,63.4,33.0,berries,fragile,2,2,3,7.7,0
12.2,52.0,141.5,milk,fragile,2,3,2,5.2,0
16.5,39.0,120.3,apple,hardy,0,26,1,26.3,0
22.1,75.6,154.5,tomato,normal,1,8,1,0.5,1
33.5,63.8,231.7,apple,hardy,0,26,2,10.8,0
33.4,44.5,215.5,potato,hardy,0,16,3,4.1,1
13.4,32.7,187.5,apple,hardy,0,26,2,29.7,0
36.3,76.7,175.9,potato,hardy,0,22,2,6.5,1
13.6,78.5,156.7,milk,fragile,2,4,2,4.1,0
17.6,91.0,160.6,tomato,normal,1,9,2,3.6,0
11.0,71.1,126.5,carrot,normal,1,13,2,12.4,0
33.6,71.7,93.8,carrot,normal,1,14,1,3.6,1
16.1,45.6,167.5,milk,fragile,2,2,2,0.5,1
33.7,85.5,52.5,apple,hardy,0,27,1,16.8,0
20.3,32.0,231.4,apple,hardy,0,19,1,14.4,0
37.7,30.6,15.3,leafy_vegetables,fragile,2,1,1,0.5,0
28.7,75.6,216.5,carrot,normal,1,9,3,0.5,1
33.3,84.4,28.9,berries,fragile,2,4,2,0.5,1
25.0,91.5,133.4,berries,fragile,2,3,2,0.5,1
37.4,54.4,73.2,berries,fragile,2,1,2,0.5,0
5.1,71.0,179.4,potato,hardy,0,22,2,20.8,0
27.2,64.6,118.4,tomato,normal,1,12,1,3.2,1
37.5,56.2,267.2,banana,normal,1,13,3,0.5,1
32.9,40.0,187.9,berries,fragile,2,5,3,0.5,1
34.4,63.4,42.6,tomato,normal,1,6,2,0.5,1
23.7,84.1,121.2,potato,hardy,0,29,3,23.1,0
32.0,51.3,73.4,milk,fragile,2,3,3,0.5,1
22.7,74.7,190.4,milk,fragile,2,3,1,0.5,1
38.5,50.7,66.7,milk,fragile,2,5,1,0.5,1
23.0,83.6,244.9,tomato,normal,1,13,2,2.7,1
26.3,60.4,188.3,onion,hardy,0,27,2,18.2,0
20.6,73.5,189.3,potato,hardy,0,20,2,13.5,0
14.3,62.2,254.1,milk,fragile,2,2,1,0.5,1
14.4,52.6,214.1,leafy_vegetables,fragile,2,1,1,0.5,0
22.3,81.1,284.3,tomato,normal,1,15,1,1.9,1
20.0,41.9,282.7,tomato,normal,1,7,2,0.5,1
16.8,82.6,209.0,berries,fragile,2,3,1,0.5,1
30.3,41.3,177.5,potato,hardy,0,28,2,19.8,0
35.9,60.7,115.5,milk,fragile,2,3,3,0.5,1
35.0,37.3,105.0,onion,hardy,0,21,3,15.7,0
7.7,81.2,250.8,onion,hardy,0,22,2,16.8,0
24.1,76.1,16.0,leafy_vegetables,fragile,2,2,3,2.1,0
33.2,81.4,174.8,berries,fragile,2,2,3,0.5,1
19.3,87.0,90.1,leafy_vegetables,fragile,2,3,1,0.5,1
25.2,54.4,160.9,milk,fragile,2,3,3,0.5,1
25.3,76.8,29.2,potato,hardy,0,21,2,19.4,0
5.3,59.9,147.0,onion,hardy,0,24,3,29.5,0
15.9,30.8,29.7,milk,fragile,2,5,1,8.7,0
22.8,40.2,201.6,apple,hardy,0,15,1,7.9,0
25.9,47.2,158.8,potato,hardy,0,21,1,12.0,0
26.6,54.4,295.3,apple,hardy,0,19,1,3.9,1
37.4,53.0,198.8,onion,hardy,0,15,2,1.2,1
30.4,44.9,1.3,onion,hardy,0,20,2,17.9,0
21.7,32.9,291.2,berries,fragile,2,2,2,0.5,1
16.2,59.2,188.2,onion,hardy,0,30,2,27.0,0
33.9,49.8,297.1,tomato,normal,1,14,2,0.5,1
20.7,59.0,137.8,tomato,normal,1,13,1,9.2,0
34.2,50.6,217.8,potato,hardy,0,15,2,3.6,1
25.8,72.0,119.5,berries,fragile,2,1,1,0.5,0
5.3,78.9,32.8,berries,fragile,2,1,3,7.2,0
20.1,62.7,191.7,banana,normal,1,9,3,5.0,0
25.4,43.6,23.2,tomato,normal,1,9,2,8.5,0
30.8,66.2,278.8,apple,hardy,0,28,1,10.0,0
15.1,40.4,163.8,tomato,normal,1,6,1,4.2,0
26.8,42.3,141.4,milk,fragile,2,1,2,0.5,0
37.9,73.7,23.3,apple,hardy,0,26,1,14.0,0
17.5,77.4,289.2,tomato,normal,1,7,1,0.5,1
7.5,34.5,63.9,apple,hardy,0,21,3,32.2,0
6.5,55.6,125.5,carrot,normal,1,14,2,16.6,0
37.6,46.2,193.1,carrot,normal,1,14,2,2.7,1
25.5,84.1,22.6,onion,hardy,0,26,3,20.0,0
20.4,84.8,147.4,tomato,normal,1,6,3,1.9,0
10.5,43.4,206.5,apple,hardy,0,20,2,19.0,0
10.5,91.9,122.2,carrot,normal,1,13,3,13.9,0
10.4,57.4,21.5,milk,fragile,2,4,3,13.5,0
9.5,78.0,119.7,carrot,normal,1,11,1,9.3,0
22.4,52.3,73.3,carrot,normal,1,13,1,12.3,0
22.2,53.3,248.5,carrot,normal,1,8,3,1.3,1
30.8,75.5,74.6,banana,normal,1,15,3,7.0,0
37.3,57.5,84.3,tomato,normal,1,13,3,6.3,0
18.5,51.5,179.0,potato,hardy,0,15,2,11.2,0
29.1,49.2,274.1,milk,fragile,2,3,2,0.5,1
37.1,69.2,241.1,apple,hardy,0,22,3,7.2,0
18.2,73.7,234.9,banana,normal,1,11,1,0.5,1
23.6,63.2,286.4,potato,hardy,0,29,2,21.5,0
11.8,71.7,245.4,tomato,normal,1,13,1,7.9,0
17.6,69.0,36.3,banana,normal,1,15,2,13.1,0
23.0,74.6,195.2,leafy_vegetables,fragile,2,5,2,0.5,1
23.0,68.2,143.5,banana,normal,1,11,3,5.9,0
38.7,60.1,124.4,tomato,normal,1,7,3,0.5,1
14.6,37.1,198.3,onion,hardy,0,16,3,15.5,0
23.6,82.6,234.4,leafy_vegetables,fragile,2,4,1,0.5,1
17.1,41.2,1.8,leafy_vegetables,fragile,2,2,1,4.0,0
27.7,57.4,44.9,tomato,normal,1,9,2,5.6,0
30.7,34.8,189.1,tomato,normal,1,14,2,7.1,0
38.8,83.4,62.1,tomato,normal,1,8,2,0.5,1
34.5,50.4,251.8,leafy_vegetables,fragile,2,2,3,0.5,1
18.8,79.9,128.1,apple,hardy,0,23,3,22.6,0
29.1,81.5,92.7,apple,hardy,0,23,1,12.8,0
32.3,67.4,295.6,banana,normal,1,14,3,0.5,1
7.4,71.6,281.8,tomato,normal,1,11,3,9.7,0
17.4,83.3,14.4,berries,fragile,2,4,1,4.8,0
21.7,83.5,82.1,leafy_vegetables,fragile,2,3,1,0.5,1
39.8,55.9,185.0,carrot,normal,1,9,1,0.5,1
20.1,33.4,29.6,onion,hardy,0,18,1,19.5,0
7.8,79.6,175.8,potato,hardy,0,23,1,20.8,0
35.4,90.7,98.9,carrot,normal,1,8,3,0.5,1
15.7,57.9,92.1,carrot,normal,1,14,3,15.1,0
23.7,37.4,248.7,onion,hardy,0,30,3,24.1,0
22.6,47.9,194.9,apple,hardy,0,24,1,16.8,0
21.6,94.6,294.0,onion,hardy,0,16,3,0.6,1
19.3,88.2,49.6,onion,hardy,0,20,2,19.6,0
10.4,81.3,108.2,onion,hardy,0,29,3,29.9,0
34.7,53.9,177.7,potato,hardy,0,26,2,14.7,0
39.1,33.6,172.6,milk,fragile,2,5,3,0.5,1
10.4,85.2,157.0,apple,hardy,0,20,1,15.3,0
30.5,71.8,101.2,carrot,normal,1,12,3,4.0,0
25.3,41.2,79.2,apple,hardy,0,23,3,23.5,0
30.2,66.1,127.4,banana,normal,1,10,2,2.1,1
36.2,82.3,56.0,milk,fragile,2,5,3,0.5,1
33.1,78.6,238.4,carrot,normal,1,14,1,0.5,1
31.0,56.9,142.6,potato,hardy,0,24,1,14.2,0
38.7,89.2,189.5,onion,hardy,0,18,2,0.5,1
21.5,39.7,79.9,banana,normal,1,15,1,13.5,0
15.7,65.3,7.1,berries,fragile,2,5,1,4.9,0
29.0,80.5,94.1,banana,normal,1,5,1,0.5,1
5.1,49.7,33.5,berries,fragile,2,1,2,11.3,0
37.9,33.5,4.6,onion,hardy,0,22,1,16.6,0
9.7,89.4,141.6,milk,fragile,2,2,1,0.5,1
31.0,79.2,200.4,banana,normal,1,6,3,0.5,1
21.9,65.7,148.0,apple,hardy,0,27,1,18.2,0
16.8,66.9,249.6,tomato,normal,1,11,3,6.0,0
34.5,60.6,117.5,potato,hardy,0,29,2,17.6,0
36.8,86.6,167.9,berries,fragile,2,1,3,0.5,0
38.2,61.5,271.9,berries,fragile,2,1,1,0.5,0
13.8,74.7,223.1,potato,hardy,0,19,2,12.6,0
21.7,86.3,10.6,banana,normal,1,7,1,4.8,0
30.5,90.3,100.5,berries,fragile,2,3,3,0.5,1
20.0,92.8,181.6,carrot,normal,1,12,3,5.2,0
6.2,75.7,84.4,berries,fragile,2,1,3,7.5,0
39.1,70.1,280.9,potato,hardy,0,26,2,5.2,1
8.5,89.9,43.1,tomato,normal,1,14,3,17.0,0
26.7,45.1,1.3,leafy_vegetables,fragile,2,4,3,5.1,0
20.7,80.4,158.5,carrot,normal,1,9,1,3.6,0
6.3,67.9,69.8,onion,hardy,0,27,3,35.7,0
36.5,83.2,297.1,onion,hardy,0,20,2,1.2,1
16.8,38.4,157.4,carrot,normal,1,15,2,12.1,0
5.7,52.6,216.0,carrot,normal,1,10,3,13.5,0
30.1,57.1,227.4,carrot,normal,1,12,1,0.5,1
34.0,54.9,177.1,apple,hardy,0,15,1,0.5,1
23.6,69.4,147.1,potato,hardy,0,23,3,17.7,0
22.9,50.8,51.1,leafy_vegetables,fragile,2,5,1,0.7,1
29.7,62.0,29.2,berries,fragile,2,1,3,0.5,0
39.7,74.4,193.4,apple,hardy,0,29,3,12.2,0
10.1,84.4,5.7,milk,fragile,2,4,1,4.7,0
21.1,32.6,5.3,apple,hardy,0,22,2,25.5,0
24.4,32.1,141.3,banana,normal,1,9,3,9.9,0
23.2,85.8,118.0,carrot,normal,1,11,2,2.1,1
14.8,33.5,238.9,milk,fragile,2,4,1,0.5,1
20.9,82.7,248.6,potato,hardy,0,30,3,17.9,0
6.2,73.8,122.0,banana,normal,1,12,2,16.5,0
23.0,45.8,56.1,milk,fragile,2,2,1,0.5,1
21.4,58.6,134.4,berries,fragile,2,2,3,0.5,1
34.7,86.9,52.0,leafy_vegetables,fragile,2,5,1,0.5,1
15.5,31.2,266.7,tomato,normal,1,15,1,8.2,0
25.9,43.8,255.5,banana,normal,1,8,1,0.5,1
27.6,77.3,144.0,apple,hardy,0,15,3,6.1,0
36.7,81.0,187.1,carrot,normal,1,8,1,0.5,1
8.2,74.1,217.8,potato,hardy,0,27,1,23.8,0
28.5,69.5,125.3,tomato,normal,1,9,1,0.7,1
21.6,82.0,174.6,leafy_vegetables,fragile,2,5,3,0.5,1
24.1,43.9,143.2,leafy_vegetables,fragile,2,1,3,0.5,0
10.6,81.2,295.3,milk,fragile,2,2,2,0.5,1
37.7,30.8,176.8,carrot,normal,1,15,2,3.7,1
14.5,49.8,154.8,leafy_vegetables,fragile,2,1,1,0.5,0
20.1,93.7,27.5,banana,normal,1,14,3,12.2,0
34.1,53.4,129.7,milk,fragile,2,2,2,0.5,1
39.7,76.4,50.0,potato,hardy,0,28,2,16.2,0
23.3,30.5,95.7,banana,normal,1,6,2,6.3,0
13.8,78.0,242.0,onion,hardy,0,17,3,13.0,0
7.7,76.4,2.1,carrot,normal,1,14,3,19.4,0
11.7,55.3,282.2,potato,hardy,0,22,2,16.3,0
32.7,57.5,240.4,apple,hardy,0,28,2,16.4,0
19.5,45.1,147.9,berries,fragile,2,2,1,0.5,1
17.4,51.7,12.3,carrot,normal,1,13,3,17.4,0
19.1,78.1,290.6,berries,fragile,2,2,1,0.5,1
35.6,44.8,3.4,onion,hardy,0,16,3,11.0,0
33.7,58.3,22.6,berries,fragile,2,2,2,0.5,1
27.2,87.2,266.4,carrot,normal,1,7,3,0.5,1
33.3,38.1,291.2,carrot,normal,1,13,2,0.5,1
9.6,68.4,190.3,leafy_vegetables,fragile,2,5,2,4.9,0
34.9,72.8,130.9,tomato,normal,1,9,3,0.5,1
33.9,39.3,93.6,leafy_vegetables,fragile,2,5,3,2.0,0
31.1,62.8,194.7,onion,hardy,0,20,1,6.9,0
11.8,93.2,46.8,apple,hardy,0,26,3,31.0,0
32.8,81.0,72.0,milk,fragile,2,2,1,0.5,1
19.6,66.4,57.0,banana,normal,1,7,2,3.8,0
34.4,51.0,251.8,onion,hardy,0,18,2,5.1,1
7.9,71.7,142.1,apple,hardy,0,20,2,19.1,0
21.0,52.4,208.4,berries,fragile,2,3,2,0.5,1
10.4,47.2,77.4,carrot,normal,1,12,1,16.4,0
15.1,47.5,44.3,carrot,normal,1,13,2,16.4,0
19.9,60.0,7.1,potato,hardy,0,22,3,24.7,0
8.6,33.4,131.4,milk,fragile,2,1,2,4.5,0
30.0,58.3,89.1,berries,fragile,2,3,3,0.5,1
7.9,69.4,32.0,leafy_vegetables,fragile,2,4,2,11.1,0
16.3,46.0,3.7,tomato,normal,1,7,1,8.9,0
21.2,69.1,237.1,tomato,normal,1,10,3,3.1,0
16.1,81.8,130.1,potato,hardy,0,28,1,25.8,0
33.3,40.9,209.8,leafy_vegetables,fragile,2,1,3,0.5,0
26.7,65.4,222.2,potato,hardy,0,26,2,18.2,0
9.4,83.7,259.6,banana,normal,1,15,2,10.1,0
6.1,78.6,227.9,onion,hardy,0,16,3,15.7,0
5.1,92.4,178.0,potato,hardy,0,26,2,24.2,0
31.9,88.8,123.4,milk,fragile,2,5,3,0.5,1
20.2,56.1,173.1,apple,hardy,0,25,3,23.0,0
8.7,85.8,93.6,leafy_vegetables,fragile,2,4,2,5.4,0
23.4,65.4,118.2,potato,hardy,0,30,2,26.1,0
34.6,49.3,106.9,carrot,normal,1,12,1,1.5,1
5.3,74.1,143.7,milk,fragile,2,5,1,7.5,0
33.1,39.1,233.3,banana,normal,1,9,3,0.5,1
29.5,65.6,183.3,tomato,normal,1,14,2,2.5,1
12.3,73.0,273.5,onion,hardy,0,30,3,26.0,0
31.2,86.5,161.4,carrot,normal,1,7,3,0.5,1
17.2,55.3,153.9,milk,fragile,2,1,2,0.5,0
18.9,49.7,214.6,banana,normal,1,6,2,1.0,1
31.0,44.3,111.1,banana,normal,1,13,1,5.4,0
25.0,88.1,143.1,leafy_vegetables,fragile,2,4,2,0.5,1
29.1,60.6,138.2,carrot,normal,1,9,3,0.5,1
36.3,62.3,180.4,banana,normal,1,14,3,0.5,1
24.8,60.6,15.3,tomato,normal,1,6,1,2.5,0
13.6,75.8,30.7,berries,fragile,2,3,1,6.4,0
11.4,30.9,231.8,potato,hardy,0,29,3,28.7,0
21.7,92.0,75.0,berries,fragile,2,1,2,0.5,0
18.6,44.7,254.2,onion,hardy,0,26,2,20.4,0
30.5,54.1,56.1,apple,hardy,0,17,2,11.9,0
39.4,36.3,177.2,potato,hardy,0,28,3,20.2,0
16.1,78.7,41.7,banana,normal,1,14,1,13.6,0
15.0,42.7,4.3,carrot,normal,1,14,2,20.1,0
29.3,55.7,112.4,carrot,normal,1,5,1,0.5,1
5.9,69.3,44.4,milk,fragile,2,1,2,7.3,0
22.2,55.6,183.8,leafy_vegetables,fragile,2,2,1,0.5,1
5.6,84.1,53.2,apple,hardy,0,23,1,27.5,0
30.4,48.5,226.0,carrot,normal,1,9,2,0.5,1
22.5,32.9,56.6,onion,hardy,0,19,1,17.4,0
9.1,91.6,68.2,potato,hardy,0,30,1,28.7,0
20.2,43.1,65.0,tomato,normal,1,8,2,8.1,0
22.6,89.6,212.3,berries,fragile,2,2,1,0.5,1
13.1,88.3,259.0,carrot,normal,1,13,1,5.3,0
11.1,52.2,123.1,milk,fragile,2,4,3,7.0,0
8.4,52.8,251.3,tomato,normal,1,14,3,16.5,0
18.0,80.5,179.2,leafy_vegetables,fragile,2,3,1,0.5,1
9.1,84.2,212.0,tomato,normal,1,7,3,5.8,0
9.7,56.5,32.9,carrot,normal,1,14,1,17.5,0
5.9,90.1,255.7,tomato,normal,1,7,1,0.7,1
13.9,62.9,290.0,milk,fragile,2,5,3,0.5,1
19.1,81.9,157.3,berries,fragile,2,4,1,0.5,1
39.3,76.3,148.5,carrot,normal,1,9,2,0.5,1
14.8,66.2,212.9,milk,fragile,2,3,3,0.8,1
28.6,58.1,245.2,potato,hardy,0,17,2,5.3,0
27.6,85.0,142.2,tomato,normal,1,5,2,0.5,1
8.5,90.6,113.0,apple,hardy,0,17,1,16.9,0
29.3,33.6,86.1,banana,normal,1,14,2,9.9,0
7.3,44.0,39.2,potato,hardy,0,17,1,25.4,0
23.8,81.5,148.9,milk,fragile,2,1,1,0.5,0
13.1,30.4,195.7,potato,hardy,0,29,1,27.0,0
26.7,64.8,19.0,carrot,normal,1,6,2,0.9,1
8.7,90.0,241.7,potato,hardy,0,17,3,14.8,0
15.4,68.0,126.8,apple,hardy,0,21,1,18.1,0
26.8,73.0,94.0,tomato,normal,1,15,2,7.6,0
28.8,33.8,278.8,onion,hardy,0,25,3,14.5,0
38.1,90.2,49.6,apple,hardy,0,28,2,17.0,0
16.0,64.0,146.1,carrot,normal,1,15,3,14.6,0
9.9,55.3,124.1,berries,fragile,2,4,1,3.4,0
37.8,77.9,137.9,carrot,normal,1,8,2,0.5,1
15.5,43.9,12.3,onion,hardy,0,24,3,33.4,0
28.7,72.9,184.8,potato,hardy,0,29,1,18.1,0
29.5,46.7,169.7,leafy_vegetables,fragile,2,1,3,0.5,0
22.7,44.5,163.9,onion,hardy,0,25,2,21.2,0
8.2,45.6,263.3,tomato,normal,1,11,1,9.5,0
37.3,73.6,279.4,tomato,normal,1,11,2,0.5,1
24.8,39.7,141.3,potato,hardy,0,21,2,18.3,0
11.7,31.0,126.0,leafy_vegetables,fragile,2,5,2,9.2,0
25.1,75.2,277.4,berries,fragile,2,2,1,0.5,1
15.9,61.9,232.1,milk,fragile,2,2,1,0.5,1
9.6,68.7,135.4,onion,hardy,0,21,1,22.9,0
30.1,79.1,27.6,onion,hardy,0,27,2,21.1,0
14.4,89.3,111.1,milk,fragile,2,2,2,0.5,1
23.6,56.5,82.9,banana,normal,1,15,2,12.7,0
20.4,60.6,231.1,apple,hardy,0,26,3,15.6,0
38.3,81.6,13.0,milk,fragile,2,3,2,0.5,1
30.6,94.3,82.5,tomato,normal,1,11,2,1.0,1
30.7,36.8,237.0,apple,hardy,0,26,3,18.5,0
35.1,91.9,127.6,berries,fragile,2,4,1,0.5,1
20.4,78.5,62.2,potato,hardy,0,19,3,19.1,0
22.8,56.7,260.0,onion,hardy,0,17,3,9.8,0
37.9,54.9,134.6,carrot,normal,1,14,2,3.2,1
28.5,60.5,104.7,apple,hardy,0,29,2,21.5,0
5.8,69.6,111.0,milk,fragile,2,3,2,5.9,0
11.3,73.1,202.0,leafy_vegetables,fragile,2,4,3,3.8,0
16.5,64.7,19.4,berries,fragile,2,3,1,2.7,0
30.1,91.3,208.3,milk,fragile,2,2,2,0.5,1
14.8,47.8,53.2,apple,hardy,0,17,2,21.5,0
18.4,51.2,72.0,berries,fragile,2,2,2,1.0,0
27.4,69.5,46.9,banana,normal,1,12,1,5.4,0
32.4,49.6,154.2,apple,hardy,0,19,1,7.2,0
31.4,88.6,274.7,tomato,normal,1,12,3,0.5,1
14.6,84.3,88.9,carrot,normal,1,5,1,1.7,0
20.0,58.7,20.6,onion,hardy,0,24,2,25.6,0
15.4,84.7,4.1,berries,fragile,2,2,3,5.4,0
28.0,84.3,168.0,milk,fragile,2,5,3,0.5,1
5.7,62.6,176.9,banana,normal,1,15,3,18.4,0
16.1,92.6,105.1,potato,hardy,0,20,2,17.1,0
25.3,30.1,270.3,potato,hardy,0,15,1,5.2,0
36.4,47.9,82.7,apple,hardy,0,17,1,5.5,0
12.3,51.1,191.3,leafy_vegetables,fragile,2,5,2,7.2,0
9.0,39.0,90.7,banana,normal,1,7,3,16.3,0
14.2,45.9,289.8,carrot,normal,1,12,2,7.3,0
38.2,52.2,132.7,carrot,normal,1,7,2,0.5,1
34.9,46.5,92.7,apple,hardy,0,15,1,7.0,0
19.4,52.6,35.8,milk,fragile,2,2,2,1.6,0
38.1,94.2,142.6,onion,hardy,0,30,3,16.7,0
21.3,91.9,283.5,milk,fragile,2,3,2,0.5,1
38.1,69.2,174.1,apple,hardy,0,30,1,16.9,0
38.1,50.4,133.3,potato,hardy,0,15,3,4.8,0
16.9,62.7,139.5,potato,hardy,0,25,2,23.0,0
31.0,89.6,255.4,banana,normal,1,15,2,0.5,1
34.5,68.8,217.6,berries,fragile,2,1,2,0.5,0
27.9,31.2,39.1,leafy_vegetables,fragile,2,2,3,2.3,0
18.0,45.9,219.0,leafy_vegetables,fragile,2,1,1,0.5,0
37.3,90.6,73.3,potato,hardy,0,19,2,7.6,0
31.1,60.4,69.1,onion,hardy,0,16,2,9.5,0
18.3,31.2,217.7,milk,fragile,2,5,1,0.5,1
10.9,72.4,184.0,milk,fragile,2,4,2,2.1,0
30.7,47.5,135.1,leafy_vegetables,fragile,2,2,1,0.5,1
36.1,84.9,89.8,berries,fragile,2,4,2,0.5,1
8.5,57.0,92.3,carrot,normal,1,13,3,20.9,0
29.6,46.9,282.6,apple,hardy,0,16,2,2.2,1
25.8,68.3,205.6,apple,hardy,0,19,1,4.6,1
9.6,92.6,190.8,apple,hardy,0,29,3,25.9,0
32.5,49.3,164.0,carrot,normal,1,11,2,0.5,1
19.6,79.3,118.6,milk,fragile,2,5,2,0.5,1
5.9,56.0,295.8,banana,normal,1,6,2,2.0,0
18.7,48.2,279.5,milk,fragile,2,5,1,0.5,1
12.4,85.7,18.5,berries,fragile,2,4,3,6.6,0
30.4,50.4,248.8,potato,hardy,0,18,3,8.2,0
7.5,65.2,266.9,berries,fragile,2,4,2,1.7,0
37.9,49.1,125.3,onion,hardy,0,24,3,12.3,0
6.9,55.9,81.9,onion,hardy,0,15,1,20.8,0
35.9,40.4,102.5,carrot,normal,1,11,3,4.5,0
25.9,85.6,115.1,leafy_vegetables,fragile,2,4,2,0.5,1
37.8,56.2,212.9,apple,hardy,0,16,3,1.8,1
17.9,51.9,76.5,tomato,normal,1,5,3,7.7,0
34.8,88.9,152.4,apple,hardy,0,24,3,10.6,0
33.4,61.3,135.7,apple,hardy,0,23,2,13.8,0
38.4,41.7,217.5,carrot,normal,1,8,1,0.5,1
23.4,44.5,102.0,banana,normal,1,9,3,6.0,0
20.1,82.5,79.8,banana,normal,1,5,3,2.2,0
36.1,82.5,156.6,leafy_vegetables,fragile,2,3,1,0.5,1
27.7,89.6,204.3,berries,fragile,2,3,2,0.5,1
5.8,53.1,222.2,carrot,normal,1,8,2,10.2,0
38.7,50.9,144.4,milk,fragile,2,4,1,0.5,1
10.3,75.5,78.0,berries,fragile,2,1,1,3.6,0
10.8,32.2,116.3,apple,hardy,0,26,2,29.9,0
33.0,53.5,66.0,tomato,normal,1,10,3,5.3,0
7.3,33.2,35.6,milk,fragile,2,2,1,8.4,0
22.0,52.3,126.1,berries,fragile,2,2,2,0.5,1
19.0,94.1,246.5,onion,hardy,0,25,3,16.9,0
8.5,52.9,121.5,carrot,normal,1,15,2,17.6,0
38.3,79.5,129.4,apple,hardy,0,29,1,11.1,0
21.0,82.9,114.8,onion,hardy,0,19,3,16.8,0
7.7,31.9,265.4,apple,hardy,0,15,3,15.2,0
18.9,57.0,52.5,potato,hardy,0,15,3,14.5,0
36.0,42.9,224.8,onion,hardy,0,27,1,13.8,0
9.1,79.1,30.3,milk,fragile,2,4,2,7.2,0
36.0,32.9,51.3,onion,hardy,0,18,3,15.0,0
39.0,65.9,141.0,leafy_vegetables,fragile,2,2,3,0.5,1
38.2,94.8,113.2,tomato,normal,1,6,2,0.5,1
23.8,66.5,115.8,milk,fragile,2,1,1,0.5,0
31.9,40.7,226.2,potato,hardy,0,18,3,9.0,0
39.1,42.6,246.8,carrot,normal,1,14,3,0.5,1
15.7,60.9,135.4,leafy_vegetables,fragile,2,2,1,0.5,1
30.0,49.0,97.4,potato,hardy,0,15,3,10.1,0
6.5,45.9,35.2,banana,normal,1,8,1,15.9,0
25.4,90.8,260.4,potato,hardy,0,29,2,13.6,0
35.4,71.6,134.8,milk,fragile,2,1,3,0.5,0
5.4,31.4,3.5,banana,normal,1,14,3,26.4,0
11.8,32.8,48.9,berries,fragile,2,4,2,9.8,0
15.7,93.4,211.6,berries,fragile,2,5,1,0.5,1
34.6,73.6,220.1,potato,hardy,0,17,3,5.8,0
7.4,73.8,299.2,apple,hardy,0,15,1,6.9,0
39.8,37.5,218.1,tomato,normal,1,12,1,0.5,1
38.8,91.2,59.0,berries,fragile,2,2,3,0.5,1
37.3,72.7,131.5,milk,fragile,2,5,3,0.5,1
9.6,45.7,73.8,potato,hardy,0,21,2,27.6,0
40.0,84.5,222.2,carrot,normal,1,11,3,0.5,1
34.5,47.0,30.2,potato,hardy,0,30,2,22.0,0
7.2,88.7,244.4,apple,hardy,0,23,2,16.2,0
17.8,64.6,286.3,leafy_vegetables,fragile,2,2,3,0.5,1
14.6,70.7,248.6,berries,fragile,2,5,2,0.5,1
7.8,31.4,189.0,apple,hardy,0,24,2,27.3,0
26.9,83.7,281.1,onion,hardy,0,15,1,0.5,1
9.8,37.8,210.3,milk,fragile,2,4,1,2.9,0
27.6,69.0,105.7,onion,hardy,0,30,3,23.9,0
32.8,45.7,138.7,apple,hardy,0,26,3,19.8,0
23.4,36.2,121.2,berries,fragile,2,3,3,3.7,0
13.0,36.6,125.0,berries,fragile,2,5,1,7.3,0
9.6,37.5,15.4,carrot,normal,1,11,3,21.9,0
33.8,45.0,30.4,carrot,normal,1,14,2,6.5,0
13.4,74.8,170.1,leafy_vegetables,fragile,2,5,3,2.7,0
11.5,81.5,125.4,banana,normal,1,14,3,13.2,0
14.1,78.8,111.6,milk,fragile,2,3,1,0.5,1
24.2,76.9,298.0,onion,hardy,0,25,1,9.9,0
34.6,74.1,286.3,banana,normal,1,6,3,0.5,1
34.7,50.1,59.7,milk,fragile,2,4,1,0.5,1
16.2,55.2,187.2,onion,hardy,0,15,3,12.1,0
6.0,75.2,242.4,carrot,normal,1,11,1,7.3,0
20.0,92.9,217.5,tomato,normal,1,11,1,0.5,1
29.0,84.5,212.6,milk,fragile,2,2,2,0.5,1
28.8,76.8,26.4,banana,normal,1,13,1,7.0,0
35.4,59.2,293.8,berries,fragile,2,1,3,0.5,0
14.2,43.3,80.0,tomato,normal,1,14,1,15.4,0
16.5,75.9,203.0,carrot,normal,1,15,1,10.7,0
20.7,50.1,151.2,banana,normal,1,12,2,8.8,0
12.6,33.2,88.4,apple,hardy,0,28,3,32.2,0
21.0,81.5,8.2,tomato,normal,1,15,2,14.4,0
33.3,40.4,84.1,apple,hardy,0,17,2,12.8,0
22.8,82.7,131.7,onion,hardy,0,25,2,19.1,0
38.3,81.5,174.0,carrot,normal,1,7,1,0.5,1
24.7,71.4,291.8,berries,fragile,2,3,1,0.5,1
21.7,89.8,217.5,leafy_vegetables,fragile,2,2,2,0.5,1
25.5,66.0,104.6,carrot,normal,1,7,2,0.5,1
7.4,58.6,76.5,apple,hardy,0,23,1,28.8,0
30.9,86.0,104.2,banana,normal,1,14,3,6.2,0
28.1,56.4,79.3,onion,hardy,0,28,1,20.7,0
15.4,57.7,56.6,carrot,normal,1,8,2,11.7,0
33.7,94.7,23.9,berries,fragile,2,2,3,0.5,1
20.9,68.7,292.2,banana,normal,1,7,2,0.5,1
39.6,73.6,139.6,banana,normal,1,10,2,0.5,1
34.3,44.9,11.6,apple,hardy,0,15,1,8.0,0
8.5,68.2,136.2,banana,normal,1,9,2,10.1,0
38.5,80.6,221.3,onion,hardy,0,15,2,0.5,1
9.8,73.8,179.2,apple,hardy,0,26,1,21.4,0
27.0,65.6,70.1,carrot,normal,1,8,1,1.1,1
31.4,66.0,109.3,onion,hardy,0,21,2,12.1,0
22.0,36.9,84.1,leafy_vegetables,fragile,2,3,2,3.1,0
20.3,83.5,277.2,onion,hardy,0,15,3,6.1,0
11.1,72.8,292.7,milk,fragile,2,5,1,0.5,1
36.3,80.5,215.8,onion,hardy,0,28,3,13.3,0
20.5,61.9,205.1,onion,hardy,0,28,1,23.4,0
7.6,34.8,59.6,onion,hardy,0,22,2,30.2,0
34.8,53.1,69.6,potato,hardy,0,18,3,14.3,0
7.4,32.1,181.9,onion,hardy,0,20,2,26.2,0
6.9,85.6,278.3,banana,normal,1,12,1,5.7,0
8.7,43.6,291.1,tomato,normal,1,7,1,4.2,0
32.9,68.7,95.0,onion,hardy,0,18,2,9.9,0
33.8,93.8,123.9,leafy_vegetables,fragile,2,3,2,0.5,1
10.9,81.4,194.9,potato,hardy,0,20,2,16.2,0
34.3,92.4,13.2,carrot,normal,1,12,2,3.2,1
38.1,72.0,65.6,apple,hardy,0,18,3,8.8,0
12.5,68.9,234.3,banana,normal,1,10,2,6.8,0
26.9,87.8,63.7,carrot,normal,1,5,2,0.5,1
20.1,92.0,62.5,berries,fragile,2,3,3,1.2,0
19.8,73.5,6.1,milk,fragile,2,2,2,2.5,0
35.0,54.4,139.1,berries,fragile,2,3,1,0.5,1
36.3,92.8,265.6,leafy_vegetables,fragile,2,4,2,0.5,1
8.9,89.3,59.2,banana,normal,1,5,3,8.6,0
19.3,75.0,60.8,apple,hardy,0,23,1,20.4,0
16.9,73.0,140.6,apple,hardy,0,30,1,24.9,0
38.4,62.3,118.7,onion,hardy,0,30,2,18.1,0
21.7,80.9,130.1,tomato,normal,1,13,3,6.7,0
19.7,79.7,286.4,potato,hardy,0,27,1,14.7,0
24.9,40.7,280.7,milk,fragile,2,4,2,0.5,1
31.2,35.9,78.7,leafy_vegetables,fragile,2,1,2,0.5,0
20.8,92.3,79.0,potato,hardy,0,17,2,12.5,0
18.4,68.1,221.4,apple,hardy,0,29,1,21.4,0
23.8,64.6,191.7,carrot,normal,1,6,3,0.5,1
25.2,74.6,37.0,leafy_vegetables,fragile,2,4,3,2.2,0
19.0,41.6,1.4,banana,normal,1,5,2,8.4,0
20.2,39.8,140.3,potato,hardy,0,20,3,21.7,0
21.1,68.6,80.9,onion,hardy,0,22,3,21.1,0
21.9,51.6,55.3,leafy_vegetables,fragile,2,5,2,6.1,0
22.9,40.0,185.3,carrot,normal,1,14,1,9.5,0
19.7,60.0,237.5,apple,hardy,0,20,2,13.1,0
15.5,39.7,68.7,onion,hardy,0,28,3,30.5,0
31.7,94.4,233.6,leafy_vegetables,fragile,2,2,2,0.5,1
9.8,65.8,182.0,tomato,normal,1,15,1,13.3,0
24.1,56.1,129.8,apple,hardy,0,30,2,24.6,0
34.1,85.5,66.7,leafy_vegetables,fragile,2,2,3,0.5,1
8.3,70.4,275.1,carrot,normal,1,8,1,3.2,0
33.7,63.3,215.7,potato,hardy,0,21,2,8.8,0
37.8,44.6,141.0,carrot,normal,1,7,2,0.5,1
39.6,40.2,155.4,banana,normal,1,15,3,2.7,1
19.9,69.3,17.3,tomato,normal,1,7,3,5.2,0
14.5,89.5,248.7,milk,fragile,2,5,3,0.5,1
16.7,66.7,121.7,potato,hardy,0,27,1,24.3,0
34.7,33.2,266.9,apple,hardy,0,19,3,9.4,0
19.5,82.0,92.6,carrot,normal,1,12,1,8.9,0
22.0,38.7,87.5,leafy_vegetables,fragile,2,4,1,3.1,0
27.3,87.3,176.2,milk,fragile,2,5,2,0.5,1
28.5,81.0,200.4,milk,fragile,2,2,2,0.5,1
28.1,65.6,148.9,carrot,normal,1,13,3,5.5,0
8.5,67.2,29.6,milk,fragile,2,5,3,12.1,0
7.5,71.2,205.6,banana,normal,1,12,3,11.3,0
13.2,61.8,117.9,apple,hardy,0,24,3,25.9,0
20.3,65.9,167.7,berries,fragile,2,3,3,2.6,0
18.5,64.5,180.1,carrot,normal,1,10,2,4.6,0
14.8,89.1,195.1,carrot,normal,1,5,2,0.5,1
35.6,76.9,193.2,apple,hardy,0,18,1,0.5,1
17.6,89.5,173.0,banana,normal,1,7,2,2.8,0
24.7,48.1,29.6,banana,normal,1,14,1,13.4,0
31.1,56.3,203.8,milk,fragile,2,1,1,0.5,0
28.9,35.5,74.2,apple,hardy,0,30,2,27.3,0
22.7,46.1,121.0,potato,hardy,0,28,3,27.0,0
27.9,59.0,104.6,milk,fragile,2,3,1,0.5,1
7.5,36.1,175.3,apple,hardy,0,18,1,21.8,0
31.4,49.1,229.2,carrot,normal,1,9,1,0.5,1
36.1,46.4,112.8,leafy_vegetables,fragile,2,3,2,0.5,1
28.9,57.8,177.9,banana,normal,1,10,2,3.4,0
10.3,84.3,280.8,apple,hardy,0,17,3,12.5,0
31.3,33.0,61.4,apple,hardy,0,28,3,25.8,0
26.3,56.4,95.6,leafy_vegetables,fragile,2,2,3,1.4,0
8.2,89.5,233.8,leafy_vegetables,fragile,2,1,1,0.5,0
8.0,88.7,272.2,potato,hardy,0,29,1,21.8,0
33.4,83.9,171.3,milk,fragile,2,3,2,0.5,1
38.7,90.5,171.5,berries,fragile,2,5,3,0.5,1
31.2,73.3,175.2,milk,fragile,2,1,1,0.5,0
11.1,54.2,9.5,banana,normal,1,5,3,12.8,0
30.4,81.6,201.6,leafy_vegetables,fragile,2,2,2,0.5,1
30.6,49.4,163.3,potato,hardy,0,26,3,21.9,0
15.5,53.3,215.6,apple,hardy,0,17,3,14.1,0
19.7,41.6,277.4,milk,fragile,2,5,3,0.5,1
36.4,38.9,75.9,carrot,normal,1,5,1,0.5,1
39.2,40.6,180.6,carrot,normal,1,5,3,0.5,1
31.2,47.9,115.1,apple,hardy,0,24,3,17.5,0
6.8,83.1,247.7,onion,hardy,0,20,1,15.0,0
21.6,78.8,183.8,berries,fragile,2,4,3,0.5,1
12.0,56.9,184.6,milk,fragile,2,4,1,1.2,1
11.8,79.7,8.0,apple,hardy,0,18,2,21.3,0
18.1,57.1,90.9,apple,hardy,0,26,3,25.9,0
19.0,42.5,81.9,berries,fragile,2,1,2,0.5,0
20.7,48.1,283.0,leafy_vegetables,fragile,2,2,1,0.5,1
33.1,73.6,38.9,tomato,normal,1,10,3,4.9,0
21.4,44.1,100.9,berries,fragile,2,5,1,1.5,1
9.9,85.5,120.6,banana,normal,1,15,1,15.1,0
7.2,66.2,52.2,berries,fragile,2,5,3,12.4,0
24.1,43.3,226.8,potato,hardy,0,28,2,19.6,0
7.9,52.1,93.9,tomato,normal,1,7,2,16.4,0
24.7,56.7,214.8,apple,hardy,0,16,3,10.4,0
16.7,52.0,59.8,leafy_vegetables,fragile,2,2,2,3.8,0
25.9,67.3,244.1,apple,hardy,0,18,2,7.3,0
31.8,45.9,251.8,carrot,normal,1,7,3,0.5,1
38.0,74.3,194.0,berries,fragile,2,5,1,0.5,1
5.4,38.1,98.2,banana,normal,1,13,1,20.1,0
23.7,52.0,197.7,banana,normal,1,12,2,4.1,0
36.6,75.9,239.3,tomato,normal,1,10,1,0.5,1
34.0,75.2,172.9,milk,fragile,2,5,3,0.5,1
19.7,75.9,292.0,potato,hardy,0,21,2,9.6,0
20.8,93.5,15.9,tomato,normal,1,6,1,0.7,1
24.9,93.1,265.1,berries,fragile,2,1,1,0.5,0
35.4,38.4,190.2,onion,hardy,0,20,2,9.7,0
22.9,36.1,276.3,banana,normal,1,10,1,0.5,1
5.2,60.2,8.4,berries,fragile,2,3,2,12.0,0
26.6,81.3,243.8,apple,hardy,0,28,2,15.3,0
39.3,92.8,49.1,carrot,normal,1,9,1,0.5,1
27.4,85.1,162.5,potato,hardy,0,18,3,10.5,0
33.4,78.5,168.4,onion,hardy,0,25,2,10.9,0
15.7,53.4,126.7,apple,hardy,0,23,1,20.5,0
28.6,64.9,133.8,leafy_vegetables,fragile,2,1,3,0.5,0
34.4,57.7,193.8,onion,hardy,0,23,3,15.0,0
39.3,63.7,278.4,carrot,normal,1,12,3,0.5,1
13.6,67.5,125.9,leafy_vegetables,fragile,2,5,2,3.6,0
13.2,80.3,27.2,onion,hardy,0,26,3,27.2,0
11.3,65.4,285.2,potato,hardy,0,29,3,25.0,0
27.9,84.6,283.4,carrot,normal,1,7,2,0.5,1
8.5,79.3,179.3,banana,normal,1,8,3,7.3,0
8.7,88.9,299.3,apple,hardy,0,27,1,18.0,0
12.2,49.6,61.1,milk,fragile,2,1,3,6.4,0
34.2,31.2,240.9,onion,hardy,0,27,1,12.6,0
23.3,51.5,163.2,onion,hardy,0,17,3,12.8,0
10.1,75.0,273.5,leafy_vegetables,fragile,2,1,3,0.5,0
18.8,90.1,254.5,berries,fragile,2,2,2,0.5,1
27.9,94.7,281.4,tomato,normal,1,7,1,0.5,1
22.9,40.4,112.3,berries,fragile,2,3,1,0.5,1
17.3,45.7,19.6,potato,hardy,0,20,2,24.2,0
8.5,50.7,16.3,leafy_vegetables,fragile,2,2,2,8.3,0
24.7,75.0,160.1,berries,fragile,2,5,3,0.5,1
30.7,79.2,126.3,tomato,normal,1,9,1,0.5,1
17.3,67.2,260.5,carrot,normal,1,9,1,0.5,1
39.5,58.0,92.4,berries,fragile,2,4,2,0.5,1
7.8,50.6,289.9,onion,hardy,0,17,1,11.8,0
8.5,49.9,150.8,potato,hardy,0,21,3,27.2,0
34.4,39.6,256.7,berries,fragile,2,3,2,0.5,1
22.0,43.6,60.5,carrot,normal,1,6,2,5.5,0
29.4,45.5,36.5,milk,fragile,2,2,2,0.5,1
14.5,33.0,130.3,carrot,normal,1,13,2,12.8,0
20.2,72.0,82.3,berries,fragile,2,4,2,3.0,0
16.8,41.0,174.6,leafy_vegetables,fragile,2,4,3,5.4,0
15.3,43.7,80.5,leafy_vegetables,fragile,2,2,3,5.0,0
15.1,46.1,205.8,tomato,normal,1,14,3,14.9,0
20.1,71.7,290.8,carrot,normal,1,12,3,4.3,0
26.0,39.3,270.5,berries,fragile,2,3,2,0.5,1
18.1,59.1,237.3,potato,hardy,0,28,1,22.4,0
38.1,83.5,191.8,carrot,normal,1,14,2,0.5,1
36.9,54.7,251.6,potato,hardy,0,19,2,5.9,0
35.9,45.3,79.4,carrot,normal,1,6,2,0.5,1
5.7,39.2,204.0,apple,hardy,0,30,1,31.2,0
11.9,61.2,266.4,banana,normal,1,14,1,7.2,0
25.0,59.1,198.1,apple,hardy,0,20,3,10.3,0
21.1,74.2,195.9,carrot,normal,1,5,2,0.5,1
36.3,91.0,234.4,potato,hardy,0,24,1,2.3,1
6.9,82.6,295.3,onion,hardy,0,27,3,21.7,0
11.9,58.0,151.0,berries,fragile,2,2,2,3.1,0
9.6,74.0,70.0,apple,hardy,0,22,2,24.4,0
14.0,54.8,107.5,berries,fragile,2,4,2,6.7,0
5.1,70.8,177.0,onion,hardy,0,18,2,17.0,0
24.5,85.7,70.6,banana,normal,1,5,1,0.5,1
16.7,64.4,197.8,milk,fragile,2,3,2,0.5,1
35.5,87.0,210.5,apple,hardy,0,16,1,0.5,1
37.8,77.1,165.7,tomato,normal,1,6,1,0.5,1
5.3,94.2,198.0,milk,fragile,2,1,3,0.5,0
35.9,42.0,252.3,milk,fragile,2,2,1,0.5,1
29.5,43.4,22.4,tomato,normal,1,9,1,8.4,0
15.9,48.5,219.4,apple,hardy,0,18,3,16.1,0
18.4,80.1,43.7,leafy_vegetables,fragile,2,1,2,0.5,0
14.7,57.4,61.5,milk,fragile,2,3,1,4.4,0
34.9,58.3,114.1,carrot,normal,1,9,2,0.5,1
33.6,59.6,240.1,milk,fragile,2,4,3,0.5,1
11.0,57.3,250.0,leafy_vegetables,fragile,2,3,3,0.5,1
28.0,67.8,159.4,tomato,normal,1,6,1,0.5,1
25.9,46.3,100.8,banana,normal,1,9,1,4.3,0
35.3,75.2,3.4,carrot,normal,1,10,2,1.8,1
32.3,94.4,159.8,banana,normal,1,7,2,0.5,1
10.9,47.3,134.2,berries,fragile,2,4,1,2.7,0
37.5,36.1,111.9,potato,hardy,0,16,3,8.7,0
24.4,73.3,279.1,berries,fragile,2,4,2,0.5,1
34.9,42.6,49.3,carrot,normal,1,13,3,6.4,0
14.0,47.5,124.0,milk,fragile,2,2,3,8.4,0
28.5,75.6,37.6,carrot,normal,1,7,3,0.7,1
21.1,46.4,113.1,tomato,normal,1,9,3,6.5,0
15.6,60.5,262.3,banana,normal,1,7,2,0.5,1
9.6,91.1,270.1,milk,fragile,2,5,2,0.5,1
30.5,88.3,16.7,onion,hardy,0,30,1,24.3,0
17.5,69.1,167.3,tomato,normal,1,11,3,10.2,0
12.9,59.6,286.0,milk,fragile,2,4,3,0.5,1
25.7,36.5,298.6,leafy_vegetables,fragile,2,4,2,0.5,1
19.8,80.3,291.6,apple,hardy,0,15,2,4.6,0
13.3,45.3,127.2,leafy_vegetables,fragile,2,1,2,2.4,0
28.9,69.4,108.4,onion,hardy,0,17,2,10.7,0
22.2,31.2,45.2,onion,hardy,0,19,3,25.4,0
13.0,57.5,167.6,berries,fragile,2,3,1,0.5,1
8.8,57.6,6.3,potato,hardy,0,21,2,28.0,0
15.4,84.9,181.0,potato,hardy,0,21,3,16.9,0
24.6,31.4,280.9,berries,fragile,2,4,3,0.5,1
29.7,47.2,67.4,apple,hardy,0,27,3,24.1,0
18.3,42.0,107.2,leafy_vegetables,fragile,2,2,3,2.4,0
38.9,39.4,262.0,onion,hardy,0,27,1,11.4,0
18.4,50.7,256.0,potato,hardy,0,15,3,13.4,0
5.5,43.7,156.0,tomato,normal,1,14,2,19.5,0
39.9,88.5,277.9,onion,hardy,0,26,2,3.6,1
9.5,70.5,17.7,carrot,normal,1,14,3,23.9,0
23.7,49.6,86.2,banana,normal,1,12,2,9.5,0
22.0,86.1,135.1,apple,hardy,0,28,1,19.5,0
22.4,82.6,102.9,banana,normal,1,8,1,1.0,1
35.3,58.0,174.8,milk,fragile,2,2,3,0.5,1
32.9,56.8,46.3,apple,hardy,0,27,2,21.6,0
13.0,50.6,64.8,potato,hardy,0,25,2,28.7,0
12.7,91.6,286.3,potato,hardy,0,19,3,10.3,0
27.1,36.5,277.7,carrot,normal,1,7,2,0.5,1
19.9,38.8,125.3,tomato,normal,1,15,2,13.2,0
7.8,72.7,196.5,banana,normal,1,14,3,13.3,0
7.8,48.0,75.4,apple,hardy,0,25,1,26.7,0
25.1,51.3,246.3,carrot,normal,1,11,2,2.3,1
10.0,54.4,85.4,potato,hardy,0,19,3,25.6,0
29.8,55.3,159.8,tomato,normal,1,14,2,3.9,1
16.8,37.0,209.5,berries,fragile,2,2,1,0.5,1
12.5,46.6,89.8,leafy_vegetables,fragile,2,1,2,5.3,0
31.5,33.4,251.3,milk,fragile,2,4,1,0.5,1
9.4,69.9,60.6,onion,hardy,0,28,2,32.0,0
5.3,32.4,179.4,potato,hardy,0,24,1,27.9,0
15.6,58.1,158.8,berries,fragile,2,2,3,0.5,1
33.6,37.9,55.7,berries,fragile,2,4,2,0.5,1
38.0,43.8,18.6,potato,hardy,0,26,2,19.4,0
33.6,63.6,168.2,berries,fragile,2,1,2,0.5,0
9.0,36.7,226.6,onion,hardy,0,17,1,16.3,0
10.6,57.7,40.2,onion,hardy,0,22,2,25.7,0
10.1,39.1,175.4,apple,hardy,0,23,2,24.6,0
14.9,63.1,153.7,potato,hardy,0,25,3,23.8,0
37.0,84.1,76.9,apple,hardy,0,27,1,12.6,0
32.4,50.1,193.3,milk,fragile,2,3,2,0.5,1
12.0,89.0,79.9,potato,hardy,0,17,2,12.4,0
32.5,76.2,45.1,leafy_vegetables,fragile,2,1,1,0.5,0
20.4,46.4,205.3,carrot,normal,1,8,1,4.2,0
9.3,92.6,37.7,leafy_vegetables,fragile,2,3,1,4.8,0
30.2,75.6,135.8,tomato,normal,1,6,3,0.5,1
29.8,67.8,60.2,banana,normal,1,7,1,0.5,1
31.5,51.8,114.4,potato,hardy,0,30,1,20.6,0
31.1,70.7,125.3,tomato,normal,1,9,1,0.5,1
5.8,72.3,63.9,berries,fragile,2,1,2,4.5,0
15.0,89.6,234.5,milk,fragile,2,3,1,0.5,1
17.5,72.4,223.1,banana,normal,1,11,1,4.2,0
29.6,35.6,36.0,apple,hardy,0,27,3,23.0,0
7.8,56.1,194.3,onion,hardy,0,22,2,23.6,0
6.2,80.0,217.1,onion,hardy,0,17,3,14.3,0
29.0,31.8,269.8,banana,normal,1,6,2,0.5,1
18.8,69.5,13.0,berries,fragile,2,2,2,4.3,0
14.0,48.5,288.0,milk,fragile,2,3,1,0.5,1
11.6,53.5,258.7,onion,hardy,0,16,1,13.8,0
19.0,78.8,22.9,tomato,normal,1,7,3,7.9,0
37.1,55.2,179.3,tomato,normal,1,7,1,0.5,1
37.6,77.9,208.5,tomato,normal,1,14,1,0.5,1
38.3,58.8,207.6,leafy_vegetables,fragile,2,5,2,0.5,1
25.7,65.1,148.7,potato,hardy,0,21,2,13.5,0
19.7,83.0,266.6,onion,hardy,0,23,2,10.3,0
25.8,86.1,48.6,onion,hardy,0,19,2,10.3,0
34.2,82.2,30.9,tomato,normal,1,10,1,0.5,1
28.5,74.2,80.3,apple,hardy,0,15,1,4.5,1
22.2,83.5,122.4,onion,hardy,0,21,2,15.3,0
38.8,63.4,142.6,carrot,normal,1,15,1,0.5,1
12.4,65.5,54.8,milk,fragile,2,5,2,7.2,0
27.1,68.5,37.1,tomato,normal,1,6,3,1.6,1
12.5,42.1,137.0,leafy_vegetables,fragile,2,5,1,5.9,0
11.2,32.7,243.0,potato,hardy,0,16,1,12.7,0
23.4,75.6,291.0,banana,normal,1,6,1,0.5,1
30.7,48.9,91.7,tomato,normal,1,8,3,4.4,0
33.6,37.2,249.0,berries,fragile,2,4,1,0.5,1
14.9,51.0,106.1,carrot,normal,1,15,1,13.0,0
17.5,73.8,219.0,apple,hardy,0,23,2,18.3,0
28.0,48.2,9.6,apple,hardy,0,28,1,23.5,0
15.8,50.5,19.1,tomato,normal,1,12,2,12.6,0
30.6,66.5,68.1,berries,fragile,2,3,1,0.5,1
39.1,60.3,278.0,milk,fragile,2,1,3,0.5,0
10.9,79.2,249.9,berries,fragile,2,3,3,0.9,0
28.6,55.1,205.2,apple,hardy,0,15,2,6.8,0
38.1,30.9,105.4,banana,normal,1,12,1,3.7,0
9.9,63.8,248.9,banana,normal,1,13,3,12.0,0
39.3,53.7,137.9,leafy_vegetables,fragile,2,4,3,0.5,1
5.6,38.4,149.3,potato,hardy,0,28,3,34.8,0
7.4,40.0,229.6,leafy_vegetables,fragile,2,5,2,4.3,0
39.2,45.4,107.2,onion,hardy,0,18,2,11.3,0
19.1,75.6,12.6,berries,fragile,2,3,2,3.5,0
24.8,70.9,257.5,carrot,normal,1,15,1,3.2,1
23.1,63.9,162.3,apple,hardy,0,16,3,9.6,0
37.5,93.4,281.8,carrot,normal,1,15,2,0.5,1
21.3,43.6,284.3,tomato,normal,1,13,2,4.1,0
31.4,57.6,298.7,tomato,normal,1,7,2,0.5,1
21.8,83.8,245.3,berries,fragile,2,4,2,0.5,1
8.9,88.6,162.7,apple,hardy,0,30,1,25.9,0
10.8,84.3,108.2,leafy_vegetables,fragile,2,2,1,0.5,1
29.5,75.0,152.4,apple,hardy,0,30,3,21.2,0
24.9,88.1,191.3,berries,fragile,2,1,1,0.5,0
17.4,93.6,211.5,berries,fragile,2,3,3,0.5,1
13.3,54.3,55.6,berries,fragile,2,2,3,10.1,0
6.5,57.8,37.5,carrot,normal,1,6,2,14.0,0
27.9,39.5,56.4,milk,fragile,2,1,2,0.5,0
20.3,80.4,216.1,onion,hardy,0,18,3,11.5,0
7.8,39.6,7.6,carrot,normal,1,8,2,17.9,0
18.0,49.3,46.6,potato,hardy,0,16,3,19.8,0
20.4,87.7,243.0,apple,hardy,0,21,2,9.5,0
16.4,41.9,43.8,banana,normal,1,12,3,17.3,0
10.3,57.5,56.7,onion,hardy,0,16,3,19.8,0
8.3,57.8,295.0,leafy_vegetables,fragile,2,3,1,0.5,1
38.3,81.4,198.2,banana,normal,1,10,2,0.5,1
32.1,56.3,285.3,leafy_vegetables,fragile,2,3,1,0.5,1
33.7,51.8,29.5,apple,hardy,0,25,3,20.5,0
28.1,65.8,62.8,tomato,normal,1,12,2,2.3,1
33.5,71.9,110.4,apple,hardy,0,22,2,12.0,0
23.4,90.2,10.5,potato,hardy,0,18,3,15.3,0
20.0,34.1,237.0,potato,hardy,0,25,2,21.9,0
33.0,69.7,68.2,leafy_vegetables,fragile,2,3,1,0.5,1
26.7,93.0,60.0,potato,hardy,0,23,1,17.4,0
18.3,80.0,212.4,carrot,normal,1,10,3,4.5,0
36.4,31.4,257.7,onion,hardy,0,23,2,11.3,0
27.9,52.1,97.4,leafy_vegetables,fragile,2,4,1,0.5,1
21.1,47.8,295.7,berries,fragile,2,3,2,0.5,1
18.0,54.2,59.3,leafy_vegetables,fragile,2,4,1,1.8,0
32.0,93.0,232.3,carrot,normal,1,6,3,0.5,1
12.5,87.8,298.0,berries,fragile,2,4,2,0.5,1
29.2,35.0,241.8,carrot,normal,1,9,1,0.5,1
19.4,34.8,122.2,banana,normal,1,13,1,10.2,0
12.3,51.3,261.1,potato,hardy,0,22,2,19.2,0
28.7,91.6,191.9,potato,hardy,0,16,3,2.2,1
6.9,48.3,207.2,apple,hardy,0,28,1,27.4,0
18.2,85.8,67.0,carrot,normal,1,7,3,6.7,0
32.5,91.2,263.2,potato,hardy,0,23,2,1.8,1
17.6,83.7,136.2,apple,hardy,0,21,1,14.8,0
22.1,80.3,46.2,onion,hardy,0,23,2,20.9,0
16.5,68.9,55.9,potato,hardy,0,20,3,21.6,0
23.4,69.0,170.4,banana,normal,1,8,3,0.5,1
28.1,32.7,216.7,banana,normal,1,14,2,9.1,0
11.5,52.6,204.3,onion,hardy,0,22,1,16.4,0
17.0,58.2,43.9,onion,hardy,0,30,3,31.6,0
9.6,41.7,61.6,potato,hardy,0,25,2,33.2,0
34.7,68.5,279.5,carrot,normal,1,15,3,0.5,1
34.2,90.8,296.8,leafy_vegetables,fragile,2,3,1,0.5,1
15.2,57.6,153.7,apple,hardy,0,20,3,19.3,0
25.3,63.9,3.6,banana,normal,1,6,3,5.6,0
13.8,54.8,233.5,apple,hardy,0,27,2,24.1,0
17.1,54.0,266.7,apple,hardy,0,16,1,4.7,1
28.0,37.8,263.9,apple,hardy,0,21,3,12.5,0
26.1,42.0,82.7,potato,hardy,0,28,2,26.9,0
14.4,54.4,264.8,onion,hardy,0,22,2,18.9,0
22.2,71.6,124.8,potato,hardy,0,30,1,24.3,0
6.0,31.5,155.4,potato,hardy,0,22,3,28.7,0
32.6,51.5,161.2,tomato,normal,1,14,2,2.4,1
18.7,62.4,262.8,banana,normal,1,5,1,0.5,1
35.8,33.3,166.9,berries,fragile,2,2,1,0.5,1
32.6,40.9,104.3,berries,fragile,2,2,3,0.5,1
10.5,55.5,253.4,leafy_vegetables,fragile,2,5,3,2.4,0
12.1,71.9,298.4,leafy_vegetables,fragile,2,1,2,0.5,0
37.0,62.9,163.6,carrot,normal,1,15,1,0.5,1
26.9,94.2,132.1,milk,fragile,2,3,1,0.5,1
18.9,93.9,104.3,banana,normal,1,13,2,9.0,0
37.6,93.0,38.5,banana,normal,1,13,1,3.7,1
24.0,31.2,19.5,tomato,normal,1,10,3,13.1,0
25.8,82.4,128.8,potato,hardy,0,22,3,16.6,0
36.6,91.9,252.8,milk,fragile,2,1,3,0.5,0
10.6,39.2,248.3,leafy_vegetables,fragile,2,1,2,0.5,0
14.6,74.0,12.5,apple,hardy,0,18,3,22.7,0
24.3,76.3,145.9,milk,fragile,2,5,3,0.5,1
21.5,63.4,250.9,tomato,normal,1,13,2,5.6,0
38.5,87.2,174.4,banana,normal,1,6,3,0.5,1
36.1,64.0,161.6,onion,hardy,0,25,1,13.2,0
12.4,84.4,87.7,berries,fragile,2,2,3,2.8,0
38.8,82.6,282.2,leafy_vegetables,fragile,2,5,2,0.5,1
39.0,46.6,146.2,onion,hardy,0,21,3,9.9,0
20.5,59.0,109.5,tomato,normal,1,8,3,5.3,0
22.8,75.0,189.4,carrot,normal,1,5,1,0.5,1
23.2,82.7,128.9,onion,hardy,0,18,1,6.6,0
11.1,52.0,68.0,banana,normal,1,8,1,8.7,0
32.9,81.1,110.0,milk,fragile,2,3,1,0.5,1
30.5,78.7,59.6,milk,fragile,2,3,2,0.5,1
22.6,74.4,176.8,tomato,normal,1,5,3,0.5,1
15.1,45.1,277.2,potato,hardy,0,21,1,11.8,0
31.7,31.4,158.4,banana,normal,1,13,2,6.4,0
29.0,32.2,245.8,berries,fragile,2,5,1,0.5,1
19.7,87.8,131.8,apple,hardy,0,18,3,14.0,0
36.4,42.2,100.0,potato,hardy,0,16,2,8.4,0
37.2,55.6,21.7,potato,hardy,0,18,2,11.8,0
20.8,62.9,10.8,carrot,normal,1,8,2,7.2,0
15.2,90.0,98.4,banana,normal,1,5,3,3.1,0
23.0,78.0,272.3,potato,hardy,0,21,1,9.2,0
25.0,31.2,75.9,berries,fragile,2,4,2,1.8,0
24.6,52.0,22.4,onion,hardy,0,16,2,15.3,0
29.1,53.1,73.1,tomato,normal,1,5,3,5.2,0
19.6,32.5,130.7,milk,fragile,2,5,1,3.5,0
36.1,84.3,182.9,banana,normal,1,6,2,0.5,1
8.6,55.0,233.1,leafy_vegetables,fragile,2,3,3,3.4,0
19.4,69.2,299.9,potato,hardy,0,15,3,5.1,0
27.3,85.4,108.9,carrot,normal,1,11,1,0.5,1
23.7,63.2,164.3,tomato,normal,1,13,3,8.7,0
25.4,61.1,165.1,milk,fragile,2,1,1,0.5,0
27.8,41.6,16.3,tomato,normal,1,6,2,5.3,0
37.2,58.7,223.1,potato,hardy,0,25,3,8.6,0
22.6,43.2,21.2,berries,fragile,2,4,3,7.0,0
34.1,71.3,271.6,apple,hardy,0,29,2,12.5,0
7.9,80.3,30.9,apple,hardy,0,29,1,33.5,0
37.1,56.4,203.5,banana,normal,1,8,3,0.5,1
36.6,45.0,26.7,banana,normal,1,5,3,2.2,0
11.6,74.8,20.7,tomato,normal,1,5,2,7.2,0
22.3,86.6,233.0,leafy_vegetables,fragile,2,3,1,0.5,1
20.8,86.3,46.1,banana,normal,1,5,2,3.6,0
17.7,67.7,58.7,banana,normal,1,5,2,3.5,0
37.7,44.7,184.7,apple,hardy,0,21,2,8.8,0
14.7,41.7,270.6,carrot,normal,1,9,1,3.4,0
8.5,82.5,41.4,carrot,normal,1,12,2,17.3,0
27.4,59.7,120.6,banana,normal,1,12,1,1.1,1
5.9,60.3,18.2,apple,hardy,0,17,1,23.6,0
35.3,87.4,21.9,banana,normal,1,8,3,0.5,1
22.0,60.5,79.2,carrot,normal,1,10,1,9.3,0
36.3,33.7,179.5,potato,hardy,0,24,1,11.8,0
11.7,47.8,192.5,carrot,normal,1,11,3,11.4,0
17.0,47.3,295.5,milk,fragile,2,2,2,0.5,1
29.9,93.8,213.7,berries,fragile,2,3,1,0.5,1
6.2,33.9,112.7,potato,hardy,0,20,1,28.1,0
31.0,61.9,129.6,onion,hardy,0,15,1,6.3,0
38.9,74.3,95.2,milk,fragile,2,5,2,0.5,1
31.3,54.5,260.9,milk,fragile,2,3,1,0.5,1
8.8,78.7,92.2,apple,hardy,0,24,3,26.1,0
24.7,66.4,50.7,apple,hardy,0,21,3,21.3,0
12.4,35.7,47.6,tomato,normal,1,11,2,17.8,0
33.8,81.0,267.6,berries,fragile,2,4,1,0.5,1
8.1,30.6,6.1,berries,fragile,2,5,3,13.3,0
31.7,38.7,27.5,apple,hardy,0,25,1,20.2,0
7.0,64.2,162.3,milk,fragile,2,4,2,6.7,0
39.7,92.3,2.8,tomato,normal,1,10,2,0.5,1
19.8,64.1,166.5,apple,hardy,0,22,3,18.4,0
25.2,58.5,6.2,tomato,normal,1,7,1,3.4,0
21.6,92.1,47.6,carrot,normal,1,9,3,5.7,0
14.5,32.2,155.6,apple,hardy,0,27,3,31.0,0
27.4,90.0,235.1,potato,hardy,0,16,3,4.2,1
34.1,67.3,140.3,milk,fragile,2,1,3,0.5,0
7.6,78.0,238.8,onion,hardy,0,24,2,21.6,0
13.2,80.8,187.2,berries,fragile,2,4,2,0.5,1
38.7,90.8,254.6,milk,fragile,2,3,3,0.5,1
29.4,87.9,215.2,onion,hardy,0,22,1,2.9,1
34.2,75.3,207.7,potato,hardy,0,29,3,15.9,0
26.9,55.5,296.9,tomato,normal,1,13,1,0.5,1
27.9,34.9,181.5,potato,hardy,0,24,2,17.8,0
13.2,79.2,176.2,milk,fragile,2,1,3,0.5,0
12.5,87.5,294.3,tomato,normal,1,10,3,1.7,1
25.5,75.4,158.0,potato,hardy,0,23,2,14.3,0
20.1,53.1,102.1,milk,fragile,2,3,2,2.7,0
24.7,44.8,187.0,leafy_vegetables,fragile,2,2,1,0.5,1
27.5,89.7,115.0,carrot,normal,1,10,2,1.7,1
16.2,87.7,15.7,tomato,normal,1,5,1,4.3,0
14.3,77.2,65.1,berries,fragile,2,1,3,2.9,0
34.3,71.9,119.9,banana,normal,1,9,3,0.5,1
12.6,75.1,212.5,banana,normal,1,13,1,7.4,0
13.8,60.3,269.5,milk,fragile,2,1,1,0.5,0
10.1,65.9,86.5,potato,hardy,0,28,3,34.4,0
12.6,37.6,150.2,berries,fragile,2,2,2,3.2,0
13.1,58.4,256.7,leafy_vegetables,fragile,2,3,3,0.5,1
24.5,31.3,31.9,tomato,normal,1,11,3,13.4,0
21.9,53.1,97.3,berries,fragile,2,1,3,1.4,0
26.4,34.5,259.5,banana,normal,1,5,2,0.5,1
35.8,34.4,260.4,apple,hardy,0,30,1,14.6,0
21.0,52.1,140.9,tomato,normal,1,7,1,2.3,0
12.1,94.6,148.4,carrot,normal,1,10,2,5.6,0
37.2,75.7,230.8,berries,fragile,2,4,3,0.5,1
34.0,71.5,269.6,milk,fragile,2,1,2,0.5,0
7.7,72.4,158.4,onion,hardy,0,16,1,15.8,0
24.1,92.0,55.8,berries,fragile,2,1,2,0.5,0
5.3,41.8,99.8,carrot,normal,1,12,2,18.9,0
22.5,42.4,166.3,leafy_vegetables,fragile,2,5,2,0.5,1
7.0,85.7,288.2,milk,fragile,2,3,1,0.5,1
36.0,53.7,194.7,berries,fragile,2,3,1,0.5,1
36.3,77.1,140.1,apple,hardy,0,26,2,11.2,0
33.5,48.9,297.4,tomato,normal,1,12,1,0.5,1
9.6,81.8,213.2,milk,fragile,2,4,3,1.4,0
8.1,72.6,273.5,carrot,normal,1,15,1,9.9,0
23.7,68.8,125.3,apple,hardy,0,28,1,20.4,0
31.1,73.6,193.4,banana,normal,1,6,3,0.5,1
31.8,91.0,128.8,milk,fragile,2,5,3,0.5,1
37.2,89.0,158.6,potato,hardy,0,16,2,0.5,1
9.2,42.0,286.4,carrot,normal,1,10,2,8.7,0
36.3,58.8,198.3,leafy_vegetables,fragile,2,4,1,0.5,1
13.8,89.2,120.1,banana,normal,1,13,2,9.7,0
39.4,62.7,137.3,onion,hardy,0,24,1,9.1,0
29.8,72.9,35.2,berries,fragile,2,4,3,0.5,1
24.9,72.7,139.2,potato,hardy,0,24,3,18.3,0
27.4,61.0,296.2,banana,normal,1,12,3,0.5,1
25.0,94.8,294.2,onion,hardy,0,25,3,7.9,0
22.2,84.7,143.1,carrot,normal,1,15,1,3.7,1
26.9,62.4,110.8,tomato,normal,1,10,1,1.8,1
34.2,78.9,138.7,banana,normal,1,6,1,0.5,1
23.9,67.5,181.2,milk,fragile,2,3,2,0.5,1
31.9,84.4,60.6,potato,hardy,0,25,2,13.9,0
39.0,82.5,108.9,potato,hardy,0,15,1,0.5,1
29.3,83.1,163.7,tomato,normal,1,5,2,0.5,1
6.9,70.1,205.8,banana,normal,1,5,2,0.9,1
15.6,48.0,259.5,leafy_vegetables,fragile,2,3,3,0.5,1
31.6,79.5,236.9,leafy_vegetables,fragile,2,3,3,0.5,1
11.2,74.3,159.6,berries,fragile,2,2,2,0.5,1
26.2,37.9,165.0,leafy_vegetables,fragile,2,5,1,0.5,1
6.0,43.7,130.3,onion,hardy,0,20,1,23.4,0
25.6,65.7,24.4,berries,fragile,2,5,1,1.8,0
31.5,53.5,221.7,potato,hardy,0,28,2,18.0,0
31.9,34.6,276.7,banana,normal,1,11,1,0.5,1
12.6,79.3,235.5,berries,fragile,2,3,3,0.5,1
26.0,67.1,12.7,tomato,normal,1,6,3,2.4,0
37.1,73.3,142.0,carrot,normal,1,15,1,0.5,1
7.1,36.2,12.3,potato,hardy,0,30,1,38.0,0
36.8,84.4,199.8,leafy_vegetables,fragile,2,3,3,0.5,1
8.7,49.0,166.0,banana,normal,1,10,2,12.8,0
24.3,46.3,112.0,tomato,normal,1,14,3,10.6,0
36.4,93.7,194.7,potato,hardy,0,18,2,0.5,1
8.9,70.8,220.1,onion,hardy,0,29,3,28.3,0
32.6,52.2,77.6,apple,hardy,0,22,3,14.2,0
29.2,44.3,184.8,banana,normal,1,7,2,0.5,1
27.7,70.2,246.4,potato,hardy,0,28,2,14.5,0
17.1,73.2,269.9,onion,hardy,0,20,1,8.5,0
18.4,89.2,83.9,berries,fragile,2,1,2,0.5,0
7.9,47.8,90.0,banana,normal,1,11,1,15.7,0
10.9,86.1,149.9,tomato,normal,1,12,1,9.4,0
17.2,61.4,225.9,leafy_vegetables,fragile,2,4,3,0.5,1
21.2,69.3,102.4,tomato,normal,1,15,1,10.2,0
22.3,56.6,76.4,onion,hardy,0,18,3,15.0,0
9.0,49.5,298.6,banana,normal,1,7,2,3.4,0
24.7,35.0,240.2,tomato,normal,1,9,3,4.0,0
36.8,86.8,138.1,carrot,normal,1,15,2,0.5,1
17.4,70.9,265.7,carrot,normal,1,5,3,0.5,1
11.3,78.8,62.1,milk,fragile,2,2,1,2.7,0
6.3,62.5,256.5,potato,hardy,0,19,1,12.6,0
18.9,74.2,267.4,potato,hardy,0,25,1,12.2,0
10.0,33.6,188.1,carrot,normal,1,5,3,7.5,0
37.7,79.1,237.1,onion,hardy,0,29,1,8.8,0
25.2,83.4,233.8,apple,hardy,0,27,1,15.0,0
24.3,49.2,87.0,berries,fragile,2,2,1,0.5,1
5.9,56.4,10.4,carrot,normal,1,9,1,16.4,0
29.7,78.2,206.7,potato,hardy,0,27,1,12.1,0
9.8,31.6,280.8,carrot,normal,1,9,1,5.3,0
9.1,51.8,96.5,milk,fragile,2,3,1,6.8,0
39.3,89.7,215.3,carrot,normal,1,14,2,0.5,1
12.8,58.8,230.7,carrot,normal,1,6,1,3.2,0
37.7,63.2,210.5,carrot,normal,1,12,1,0.5,1
34.2,41.5,48.6,tomato,normal,1,5,2,0.5,1
39.3,50.8,223.5,berries,fragile,2,3,2,0.5,1
22.9,83.5,284.1,apple,hardy,0,30,2,18.4,0
31.3,92.7,288.0,potato,hardy,0,16,3,2.0,1
39.1,44.4,142.3,tomato,normal,1,15,3,1.3,1
16.7,55.4,297.0,apple,hardy,0,15,2,7.9,0
34.1,70.4,12.2,potato,hardy,0,21,2,14.1,0
27.9,72.9,196.1,tomato,normal,1,7,3,0.5,1
38.6,34.4,129.2,onion,hardy,0,16,1,6.4,0
18.7,37.1,268.7,carrot,normal,1,8,3,3.0,0
17.6,71.6,276.7,tomato,normal,1,15,3,9.7,0
23.4,70.6,227.5,carrot,normal,1,5,1,0.5,1
17.4,94.8,130.9,milk,fragile,2,1,1,0.5,0
37.7,46.7,183.8,banana,normal,1,7,3,0.5,1
35.9,52.8,166.2,carrot,normal,1,13,2,0.5,1
39.7,79.2,251.2,tomato,normal,1,6,1,0.5,1
27.6,91.5,85.1,onion,hardy,0,28,3,19.8,0
20.4,48.7,46.5,leafy_vegetables,fragile,2,4,3,9.0,0
9.1,67.0,51.4,apple,hardy,0,29,1,33.9,0
30.4,75.5,168.6,banana,normal,1,8,3,0.5,1
18.3,90.4,75.6,potato,hardy,0,30,1,26.4,0
30.1,43.5,48.5,onion,hardy,0,17,3,13.7,0
7.0,43.4,143.6,potato,hardy,0,29,2,34.2,0
20.8,42.5,268.3,banana,normal,1,12,2,4.8,0
32.5,75.3,107.0,carrot,normal,1,6,2,0.5,1
15.4,68.0,132.5,tomato,normal,1,9,3,9.3,0
13.8,42.9,163.1,tomato,normal,1,14,3,17.6,0
39.6,58.6,195.2,tomato,normal,1,9,1,0.5,1
12.6,83.5,175.0,potato,hardy,0,21,3,17.8,0
20.7,48.2,43.1,berries,fragile,2,5,1,3.7,0
36.8,73.6,194.1,berries,fragile,2,5,3,0.5,1
17.2,67.9,261.3,milk,fragile,2,4,2,0.5,1
7.6,90.9,87.5,apple,hardy,0,23,2,26.2,0
20.0,51.2,194.0,banana,normal,1,13,2,11.5,0
35.1,53.4,98.1,milk,fragile,2,5,2,0.5,1
16.7,83.7,88.1,milk,fragile,2,2,3,1.7,0
38.7,85.7,18.9,tomato,normal,1,9,1,0.5,1
16.1,68.9,117.6,milk,fragile,2,2,1,0.5,1
17.7,75.0,5.3,potato,hardy,0,22,1,23.6,0
27.2,74.8,197.9,milk,fragile,2,2,3,0.5,1
38.5,67.7,204.9,banana,normal,1,14,2,0.5,1
27.0,81.3,52.3,apple,hardy,0,25,1,16.7,0
27.2,49.0,237.7,berries,fragile,2,5,1,0.5,1
39.3,81.7,212.6,tomato,normal,1,12,2,0.5,1
30.8,80.1,70.1,carrot,normal,1,8,1,0.5,1
28.0,57.0,189.7,milk,fragile,2,1,3,0.5,0
12.8,37.3,205.0,apple,hardy,0,19,2,19.3,0
13.5,42.6,151.2,banana,normal,1,14,1,13.9,0
13.5,68.6,265.3,milk,fragile,2,3,1,0.5,1
5.2,75.9,281.3,leafy_vegetables,fragile,2,3,2,0.5,1
31.1,90.3,194.4,onion,hardy,0,18,2,1.7,1
5.4,70.4,122.4,onion,hardy,0,28,3,30.9,0
21.3,78.7,54.0,tomato,normal,1,5,2,2.5,0
38.6,63.5,294.9,apple,hardy,0,21,2,1.2,1
8.4,81.6,247.7,carrot,normal,1,5,2,0.6,1
27.9,46.5,130.2,tomato,normal,1,9,1,1.7,1
38.1,43.4,115.3,berries,fragile,2,1,3,0.5,0
20.0,37.9,137.6,tomato,normal,1,15,1,12.4,0
24.4,45.9,106.8,carrot,normal,1,15,2,10.4,0
21.6,40.6,37.7,tomato,normal,1,9,2,11.0,0
18.5,75.6,4.0,berries,fragile,2,3,3,4.5,0
10.3,46.0,88.8,onion,hardy,0,25,2,28.8,0
22.7,72.3,286.9,potato,hardy,0,29,1,13.7,0
7.7,88.0,74.7,onion,hardy,0,25,1,27.1,0
34.6,56.4,235.1,apple,hardy,0,23,2,12.0,0
37.9,77.2,277.7,apple,hardy,0,29,3,9.0,0
13.9,40.2,208.1,apple,hardy,0,29,1,26.6,0
34.6,40.3,7.5,leafy_vegetables,fragile,2,3,1,0.5,1
28.6,79.0,74.5,tomato,normal,1,7,3,2.1,1
7.4,61.3,51.6,banana,normal,1,11,3,17.3,0
31.9,41.0,5.9,berries,fragile,2,3,3,3.6,0
37.4,53.0,217.6,berries,fragile,2,4,1,0.5,1
27.7,92.8,153.6,carrot,normal,1,11,3,0.5,1
20.1,52.0,37.7,onion,hardy,0,24,2,23.8,0
21.5,82.1,138.7,berries,fragile,2,5,1,0.5,1
25.0,34.5,166.3,berries,fragile,2,4,2,0.7,1
22.2,86.7,164.5,banana,normal,1,10,3,3.5,0
11.2,81.2,250.9,tomato,normal,1,15,3,11.3,0
20.4,74.2,33.4,onion,hardy,0,24,3,25.6,0
34.2,67.6,6.2,berries,fragile,2,2,3,0.5,1
33.5,31.7,135.7,leafy_vegetables,fragile,2,4,1,0.5,1
6.9,61.9,28.3,onion,hardy,0,23,3,35.0,0
29.3,89.6,218.0,milk,fragile,2,1,2,0.5,0
35.4,36.8,1.4,banana,normal,1,10,3,7.9,0
30.8,89.8,13.5,onion,hardy,0,16,2,8.3,0
30.4,40.7,157.7,berries,fragile,2,2,2,0.5,1
26.2,36.3,140.4,onion,hardy,0,23,3,20.7,0
38.3,93.9,196.4,apple,hardy,0,18,3,2.6,1
26.9,71.7,232.5,milk,fragile,2,3,3,0.5,1
12.4,42.2,141.9,potato,hardy,0,22,2,23.3,0
13.1,33.1,172.2,potato,hardy,0,26,1,25.2,0
32.3,46.6,45.9,apple,hardy,0,22,3,18.7,0
10.0,72.1,259.1,carrot,normal,1,13,3,9.0,0
38.4,57.0,236.9,banana,normal,1,6,1,0.5,1
33.8,72.1,87.7,berries,fragile,2,2,1,0.5,1
13.9,88.0,282.4,tomato,normal,1,12,3,7.0,0
35.5,63.2,170.0,milk,fragile,2,1,3,0.5,0
34.2,70.3,224.9,berries,fragile,2,3,2,0.5,1
32.7,60.4,204.4,carrot,normal,1,5,3,0.5,1
26.6,52.2,9.6,leafy_vegetables,fragile,2,1,2,1.1,0
36.0,47.5,73.9,leafy_vegetables,fragile,2,3,3,0.5,1
25.2,38.2,71.2,onion,hardy,0,22,3,25.6,0
10.3,33.8,262.1,berries,fragile,2,5,1,2.9,0
7.7,89.8,292.1,banana,normal,1,12,2,3.8,0
30.6,82.1,195.0,tomato,normal,1,7,2,0.5,1
15.4,58.7,94.9,banana,normal,1,11,2,12.8,0
31.7,77.8,244.5,berries,fragile,2,1,2,0.5,0
36.5,50.8,138.8,potato,hardy,0,19,1,8.8,0
24.1,84.1,161.7,potato,hardy,0,21,2,12.2,0
12.6,64.1,252.9,berries,fragile,2,1,1,0.5,0
33.2,46.1,112.5,milk,fragile,2,2,3,0.5,1
36.5,63.8,152.3,onion,hardy,0,22,2,9.2,0
23.5,82.2,65.4,tomato,normal,1,6,1,1.1,1
12.2,76.2,28.3,berries,fragile,2,3,2,8.8,0
36.8,57.1,95.0,banana,normal,1,7,3,0.5,1
22.3,68.2,109.5,berries,fragile,2,3,1,0.5,1
28.9,34.9,135.3,apple,hardy,0,30,2,22.3,0
6.6,88.6,162.7,leafy_vegetables,fragile,2,1,3,2.9,0
35.9,92.9,132.3,onion,hardy,0,17,1,0.5,1
34.1,79.2,156.0,milk,fragile,2,1,1,0.5,0
23.6,63.0,213.0,milk,fragile,2,5,1,0.5,1
7.7,37.9,232.2,tomato,normal,1,8,3,12.1,0
14.9,88.4,232.3,banana,normal,1,8,2,1.1,1
6.3,85.6,272.0,apple,hardy,0,24,1,15.9,0
7.8,80.0,43.3,berries,fragile,2,1,2,6.6,0
29.5,92.1,212.2,onion,hardy,0,21,2,6.2,1
6.2,83.8,86.1,apple,hardy,0,23,3,25.9,0
18.3,71.2,244.1,carrot,normal,1,11,3,3.1,1
28.3,73.6,270.4,milk,fragile,2,3,3,0.5,1
18.6,73.5,281.6,onion,hardy,0,21,3,12.7,0
25.7,65.1,128.8,milk,fragile,2,2,2,0.5,1
23.3,30.5,249.2,apple,hardy,0,22,3,15.7,0
17.7,90.8,258.9,berries,fragile,2,5,1,0.5,1
28.9,92.8,109.5,carrot,normal,1,9,3,0.5,1
38.3,73.2,282.6,milk,fragile,2,2,3,0.5,1
38.5,83.5,198.8,milk,fragile,2,2,2,0.5,1
22.8,74.7,293.7,onion,hardy,0,18,3,6.2,0
14.9,78.3,143.8,milk,fragile,2,2,1,0.5,1
35.6,63.5,219.0,berries,fragile,2,2,2,0.5,1
7.8,52.7,287.5,berries,fragile,2,4,3,4.9,0
39.0,93.6,141.9,onion,hardy,0,21,3,4.9,1
29.4,68.0,135.1,onion,hardy,0,21,2,12.4,0
26.8,68.3,291.2,carrot,normal,1,10,3,0.5,1
33.9,62.2,104.6,leafy_vegetables,fragile,2,2,3,0.5,1
34.8,49.2,3.3,carrot,normal,1,10,2,6.4,0
7.5,60.6,165.0,potato,hardy,0,15,1,14.6,0
16.8,43.8,169.0,banana,normal,1,6,3,3.4,0
6.2,73.1,157.5,leafy_vegetables,fragile,2,1,2,3.8,0
37.5,81.8,183.2,banana,normal,1,14,3,0.5,1
15.0,49.3,141.2,leafy_vegetables,fragile,2,1,2,3.0,0
33.0,69.7,54.8,tomato,normal,1,11,2,0.5,1
21.9,84.1,32.5,milk,fragile,2,3,2,0.5,1
27.4,54.7,56.2,onion,hardy,0,19,3,18.0,0
8.2,46.3,86.2,potato,hardy,0,23,2,27.3,0
24.4,61.9,131.0,carrot,normal,1,5,1,0.5,1
36.3,32.1,243.9,onion,hardy,0,26,3,14.5,0
38.5,78.6,255.2,milk,fragile,2,3,2,0.5,1
25.0,45.4,43.9,apple,hardy,0,17,1,16.2,0
21.0,71.8,31.8,potato,hardy,0,30,1,29.7,0
23.4,83.4,14.3,onion,hardy,0,30,1,26.4,0
15.5,86.0,280.2,leafy_vegetables,fragile,2,1,2,0.5,0
6.4,38.9,86.5,tomato,normal,1,7,3,14.2,0
34.0,78.5,189.6,berries,fragile,2,2,3,0.5,1
10.5,48.1,1.5,onion,hardy,0,22,3,32.5,0
10.9,82.0,145.8,potato,hardy,0,17,2,14.8,0
18.5,34.0,113.0,leafy_vegetables,fragile,2,5,3,6.0,0
6.8,49.0,16.0,onion,hardy,0,25,2,35.2,0
15.6,32.0,11.8,milk,fragile,2,3,2,9.4,0
18.3,76.5,110.6,leafy_vegetables,fragile,2,3,1,0.6,1
24.2,71.2,177.1,milk,fragile,2,1,2,0.5,0
28.4,93.2,249.9,banana,normal,1,11,3,0.5,1
11.6,30.3,216.2,leafy_vegetables,fragile,2,3,3,4.4,0
31.7,84.1,292.6,apple,hardy,0,20,2,0.5,1
15.7,42.8,81.2,banana,normal,1,7,3,10.6,0
17.3,59.7,45.4,potato,hardy,0,30,1,30.2,0
32.7,66.8,217.5,tomato,normal,1,7,1,0.5,1
18.2,70.2,263.6,banana,normal,1,5,2,0.5,1
31.3,45.5,1.6,leafy_vegetables,fragile,2,4,3,3.9,0
13.4,47.1,72.9,carrot,normal,1,6,2,10.0,0
38.2,69.2,271.0,banana,normal,1,12,3,0.5,1
29.6,36.0,5.8,apple,hardy,0,21,1,19.4,0
23.4,46.4,47.2,carrot,normal,1,11,2,9.9,0
26.2,30.6,234.3,banana,normal,1,13,3,4.8,0
24.8,80.9,7.9,berries,fragile,2,3,2,3.0,0
31.6,55.3,225.7,banana,normal,1,6,3,0.5,1
34.5,68.1,112.3,leafy_vegetables,fragile,2,3,3,0.5,1
9.2,44.4,114.5,leafy_vegetables,fragile,2,4,1,5.5,0
26.8,45.1,215.9,carrot,normal,1,12,2,2.1,1
33.3,45.8,265.1,carrot,normal,1,8,1,0.5,1
9.5,53.9,143.7,tomato,normal,1,14,3,18.0,0
7.1,41.0,239.0,tomato,normal,1,10,3,13.2,0
32.2,62.9,153.3,berries,fragile,2,1,2,0.5,0
36.4,56.1,116.2,banana,normal,1,15,3,5.5,0
24.2,47.5,236.1,banana,normal,1,12,2,3.8,0
10.9,88.8,61.0,banana,normal,1,9,2,9.0,0
30.6,75.1,237.9,berries,fragile,2,2,1,0.5,1
17.8,58.5,170.8,onion,hardy,0,29,2,23.8,0
20.8,60.0,141.3,tomato,normal,1,14,2,10.7,0
27.3,66.8,68.6,apple,hardy,0,19,2,14.7,0
10.7,32.0,220.1,onion,hardy,0,26,1,24.3,0
33.8,37.5,250.8,tomato,normal,1,6,2,0.5,1
16.7,39.1,81.0,onion,hardy,0,23,2,25.0,0
17.3,80.2,187.1,carrot,normal,1,11,2,3.8,0
35.3,87.1,235.3,apple,hardy,0,30,1,11.8,0
18.3,71.5,49.2,tomato,normal,1,13,2,12.7,0
32.1,73.7,88.3,banana,normal,1,13,3,6.2,0
18.3,55.2,167.1,tomato,normal,1,7,2,0.5,1
27.6,38.9,20.6,onion,hardy,0,22,3,24.1,0
5.8,39.6,8.9,onion,hardy,0,16,1,25.7,0
35.2,94.1,77.1,apple,hardy,0,22,2,12.3,0
38.5,61.6,202.6,berries,fragile,2,4,2,0.5,1
16.2,57.5,294.8,banana,normal,1,8,1,0.5,1
8.5,50.7,158.7,apple,hardy,0,23,1,22.9,0
10.1,44.9,185.8,carrot,normal,1,12,3,14.3,0
38.6,51.2,295.1,leafy_vegetables,fragile,2,5,2,0.5,1
17.0,31.4,108.6,apple,hardy,0,28,1,27.5,0
31.1,70.1,262.3,potato,hardy,0,16,2,0.5,1
8.1,55.1,26.6,potato,hardy,0,26,3,32.0,0
18.3,82.6,176.5,banana,normal,1,15,3,12.0,0
34.7,82.8,55.6,onion,hardy,0,28,3,19.7,0
29.3,41.2,255.9,banana,normal,1,12,2,0.5,1
26.4,56.5,133.0,onion,hardy,0,15,3,10.1,0
18.8,75.5,15.4,onion,hardy,0,21,2,21.8,0
36.6,87.5,153.1,apple,hardy,0,25,1,6.3,1
36.7,90.5,268.7,potato,hardy,0,29,3,10.8,0
39.8,59.6,214.5,onion,hardy,0,19,1,0.5,1
35.0,65.5,124.1,potato,hardy,0,29,2,20.2,0
13.8,53.1,47.0,tomato,normal,1,7,2,9.9,0
35.1,91.3,163.5,potato,hardy,0,26,3,12.5,0
36.4,33.5,183.2,banana,normal,1,7,3,0.5,1
6.0,33.7,21.1,carrot,normal,1,12,2,23.7,0
16.2,47.2,196.0,apple,hardy,0,25,3,23.1,0
35.5,46.3,257.6,onion,hardy,0,23,2,10.0,0
34.3,80.5,98.8,tomato,normal,1,12,1,0.5,1
22.7,31.2,118.1,potato,hardy,0,15,1,8.4,0
6.6,53.5,227.2,apple,hardy,0,24,1,21.5,0
17.9,57.5,169.6,apple,hardy,0,18,2,15.3,0
21.9,60.4,193.8,onion,hardy,0,21,2,14.4,0
10.9,60.0,182.4,tomato,normal,1,9,1,5.1,0
11.1,61.8,247.0,berries,fragile,2,5,2,1.4,1
17.1,36.8,287.5,leafy_vegetables,fragile,2,3,1,0.5,1
13.3,67.2,296.6,carrot,normal,1,10,2,1.3,1
12.0,89.0,29.8,carrot,normal,1,5,1,5.8,0
23.5,63.4,171.3,potato,hardy,0,24,1,15.2,0
29.9,37.5,171.5,potato,hardy,0,28,1,18.4,0
38.6,60.8,76.6,milk,fragile,2,2,2,0.5,1
22.8,41.9,37.8,leafy_vegetables,fragile,2,2,1,1.0,0
40.0,91.9,196.9,carrot,normal,1,12,3,0.5,1
10.5,55.9,282.9,tomato,normal,1,12,3,9.7,0
11.8,42.8,296.9,potato,hardy,0,23,3,18.8,0
21.5,58.3,89.2,berries,fragile,2,1,1,0.5,0
32.7,58.3,40.4,tomato,normal,1,11,1,4.5,0
10.0,65.2,184.7,onion,hardy,0,19,1,14.8,0
28.0,58.1,204.2,milk,fragile,2,4,2,0.5,1
5.8,73.5,253.7,tomato,normal,1,13,1,8.2,0
15.7,49.6,145.6,potato,hardy,0,23,3,23.3,0
26.9,30.7,229.2,berries,fragile,2,5,1,0.5,1
38.3,42.4,274.8,berries,fragile,2,5,1,0.5,1
20.4,70.0,70.1,potato,hardy,0,21,1,16.6,0
16.9,64.4,200.4,berries,fragile,2,2,1,0.5,1
24.7,83.6,217.8,berries,fragile,2,3,3,0.5,1
21.3,55.5,217.4,carrot,normal,1,7,2,0.5,1
20.7,69.7,96.3,apple,hardy,0,29,2,26.5,0
22.2,72.6,174.2,berries,fragile,2,2,2,0.5,1
28.5,82.6,272.5,potato,hardy,0,22,1,5.0,1
21.5,70.8,254.8,milk,fragile,2,1,2,0.5,0
13.2,74.0,129.8,apple,hardy,0,15,3,13.9,0
17.5,72.5,71.0,apple,hardy,0,26,3,27.7,0
37.2,58.0,61.8,onion,hardy,0,20,1,8.6,0
5.3,92.8,103.1,tomato,normal,1,12,1,11.5,0
17.5,84.7,224.2,milk,fragile,2,2,2,0.5,1
29.5,56.4,164.8,carrot,normal,1,11,3,3.7,0
39.9,41.9,208.5,banana,normal,1,9,2,0.5,1
38.5,91.9,84.5,apple,hardy,0,25,2,11.7,0
13.3,47.0,147.9,berries,fragile,2,1,1,1.2,0
16.3,35.7,185.3,berries,fragile,2,2,3,2.0,0
28.8,36.8,261.8,apple,hardy,0,24,3,17.6,0
35.9,35.7,101.7,onion,hardy,0,20,1,13.0,0
38.5,37.8,36.6,onion,hardy,0,21,2,13.0,0
14.6,75.1,128.4,onion,hardy,0,18,3,16.3,0
37.9,66.4,198.0,leafy_vegetables,fragile,2,1,3,0.5,0
18.8,85.5,226.7,leafy_vegetables,fragile,2,5,2,0.5,1
9.5,84.6,236.3,carrot,normal,1,12,1,6.6,0
27.6,54.2,185.8,apple,hardy,0,18,2,9.3,0
15.7,56.5,172.6,leafy_vegetables,fragile,2,1,3,1.4,0
27.8,67.1,211.4,onion,hardy,0,21,1,7.3,0
16.1,32.0,82.1,onion,hardy,0,15,1,12.1,0
14.2,92.0,34.1,milk,fragile,2,3,2,2.1,0
10.2,75.5,110.6,leafy_vegetables,fragile,2,1,3,3.0,0
10.2,77.0,56.8,carrot,normal,1,15,3,17.5,0
20.9,85.3,212.9,tomato,normal,1,15,3,8.1,0
24.1,77.3,186.9,leafy_vegetables,fragile,2,5,1,0.5,1
26.3,68.7,153.5,apple,hardy,0,27,3,21.4,0
17.0,90.5,174.0,onion,hardy,0,22,2,15.6,0
39.7,83.5,224.0,banana,normal,1,5,2,0.5,1
8.4,46.1,82.6,apple,hardy,0,25,1,28.9,0
37.6,84.3,174.0,leafy_vegetables,fragile,2,3,3,0.5,1
13.9,82.6,285.1,onion,hardy,0,21,2,14.1,0
28.2,65.6,264.6,onion,hardy,0,30,3,17.9,0
10.2,82.6,247.1,banana,normal,1,12,3,7.3,0
36.1,57.7,124.6,milk,fragile,2,5,2,0.5,1
28.4,72.2,270.5,tomato,normal,1,10,1,0.5,1
35.4,34.1,253.9,leafy_vegetables,fragile,2,3,1,0.5,1
16.5,60.4,204.8,potato,hardy,0,26,2,21.3,0
36.9,52.7,230.7,leafy_vegetables,fragile,2,5,1,0.5,1
39.4,58.2,146.2,apple,hardy,0,17,1,2.8,1
7.7,67.7,42.2,potato,hardy,0,27,3,36.4,0
19.6,40.4,152.3,tomato,normal,1,6,3,3.4,0
23.2,46.1,29.5,berries,fragile,2,3,2,4.8,0
27.4,30.1,294.0,carrot,normal,1,8,3,0.5,1
39.8,60.4,217.4,apple,hardy,0,29,1,9.5,0
10.2,32.7,19.9,milk,fragile,2,3,2,13.0,0
15.8,77.2,92.1,carrot,normal,1,13,1,8.8,0
28.1,77.7,269.2,carrot,normal,1,12,3,0.7,1
37.4,36.9,16.5,banana,normal,1,14,3,9.5,0
31.0,32.6,203.2,potato,hardy,0,21,1,13.2,0
12.1,49.0,208.4,potato,hardy,0,29,1,25.0,0
16.5,87.0,33.2,banana,normal,1,5,3,4.0,0
26.0,63.4,54.1,leafy_vegetables,fragile,2,5,3,5.2,0
13.4,67.4,168.6,potato,hardy,0,21,1,15.6,0
28.5,59.2,267.3,apple,hardy,0,24,3,10.8,0
33.7,53.6,59.1,apple,hardy,0,19,1,13.0,0
11.4,33.5,172.4,apple,hardy,0,17,1,19.1,0
8.5,75.6,111.1,banana,normal,1,9,1,6.9,0
22.0,77.7,232.4,apple,hardy,0,26,3,16.4,0
5.9,74.9,79.9,carrot,normal,1,8,1,10.0,0
17.4,94.6,133.3,potato,hardy,0,21,3,17.9,0
12.0,59.0,286.9,leafy_vegetables,fragile,2,1,3,0.5,0
14.7,74.4,258.9,leafy_vegetables,fragile,2,4,2,0.5,1
39.8,57.6,53.6,banana,normal,1,10,1,0.5,1
24.6,38.2,285.0,apple,hardy,0,22,2,12.0,0
32.1,44.2,19.2,tomato,normal,1,13,3,10.8,0
13.6,78.1,285.2,leafy_vegetables,fragile,2,5,1,0.5,1
25.2,44.5,13.0,leafy_vegetables,fragile,2,5,1,2.7,0
22.9,88.7,25.5,apple,hardy,0,26,1,23.2,0
35.5,57.3,196.7,leafy_vegetables,fragile,2,2,2,0.5,1
21.8,48.7,109.7,tomato,normal,1,15,1,9.1,0
40.0,75.2,48.9,onion,hardy,0,17,2,5.3,0
32.3,45.5,77.8,onion,hardy,0,29,3,22.9,0
32.3,62.6,109.8,potato,hardy,0,25,1,15.2,0
15.4,93.6,61.7,apple,hardy,0,20,2,19.7,0
31.9,62.8,256.5,milk,fragile,2,5,2,0.5,1
38.5,47.3,81.0,apple,hardy,0,17,2,8.0,0
22.6,40.1,39.3,milk,fragile,2,5,1,3.7,0
8.7,51.0,51.5,milk,fragile,2,3,2,7.8,0
27.7,76.2,191.2,apple,hardy,0,17,1,2.5,1
12.7,77.7,155.9,berries,fragile,2,4,3,1.8,0
24.8,30.7,62.2,berries,fragile,2,3,1,1.6,0
30.6,40.7,287.0,apple,hardy,0,17,2,2.8,1
5.3,81.9,171.9,carrot,normal,1,15,1,12.1,0
15.8,54.2,25.6,leafy_vegetables,fragile,2,4,3,8.0,0
36.8,44.1,249.5,potato,hardy,0,30,2,15.5,0
25.0,35.5,179.6,tomato,normal,1,7,3,0.7,1
16.8,81.7,49.9,potato,hardy,0,19,1,18.9,0
5.3,54.0,182.4,banana,normal,1,15,2,19.0,0
28.6,89.5,97.9,onion,hardy,0,17,3,8.2,0
16.1,88.3,10.6,milk,fragile,2,4,2,6.7,0
11.5,44.6,198.7,tomato,normal,1,6,3,8.0,0
9.5,82.4,185.5,carrot,normal,1,9,3,8.9,0
18.0,45.8,155.7,potato,hardy,0,27,3,26.3,0
20.2,88.8,173.3,tomato,normal,1,15,2,8.1,0
29.6,94.7,198.1,apple,hardy,0,28,3,13.1,0
11.5,49.9,232.4,tomato,normal,1,9,2,5.8,0
7.3,56.0,200.2,banana,normal,1,11,3,12.3,0
30.7,56.4,188.7,milk,fragile,2,1,1,0.5,0
19.4,65.5,139.1,potato,hardy,0,16,2,15.5,0
40.0,58.3,45.7,leafy_vegetables,fragile,2,1,1,0.5,0
38.4,50.4,270.8,banana,normal,1,9,3,0.5,1
23.2,73.7,14.3,tomato,normal,1,5,2,0.5,1
10.6,88.1,88.6,berries,fragile,2,2,2,1.6,0
13.2,65.6,212.5,berries,fragile,2,5,1,0.5,1
11.7,45.9,219.5,apple,hardy,0,28,2,24.7,0
36.9,66.2,80.4,banana,normal,1,15,1,2.0,1
33.5,84.4,108.8,potato,hardy,0,22,1,9.4,0
23.4,86.4,188.4,banana,normal,1,10,2,0.5,1
27.1,76.6,197.2,milk,fragile,2,2,3,0.5,1
27.5,33.3,144.6,apple,hardy,0,26,3,21.5,0
17.8,81.6,221.6,leafy_vegetables,fragile,2,5,1,0.5,1
14.8,39.4,100.1,banana,normal,1,8,2,10.6,0
11.0,90.5,159.7,apple,hardy,0,25,3,19.9,0
26.2,56.3,232.5,banana,normal,1,9,1,0.5,1
12.7,69.5,187.6,carrot,normal,1,15,2,12.2,0
38.6,77.6,34.1,milk,fragile,2,2,3,0.5,1
30.0,49.2,165.7,berries,fragile,2,4,3,0.5,1
34.0,84.1,255.3,tomato,normal,1,12,1,0.5,1
17.9,44.5,244.7,tomato,normal,1,10,3,5.3,0
30.6,41.5,130.7,potato,hardy,0,26,3,20.7,0
11.7,91.3,121.0,leafy_vegetables,fragile,2,1,2,0.5,0
23.9,69.7,299.3,milk,fragile,2,2,3,0.5,1
34.8,44.1,152.2,banana,normal,1,11,1,0.5,1
28.9,81.9,53.8,banana,normal,1,7,2,0.5,1
8.8,77.1,43.4,apple,hardy,0,21,1,24.0,0
29.7,74.5,155.1,leafy_vegetables,fragile,2,1,2,0.5,0
20.6,74.1,255.8,potato,hardy,0,24,1,13.0,0
31.9,47.2,267.6,leafy_vegetables,fragile,2,3,3,0.5,1
33.4,35.0,214.3,milk,fragile,2,5,1,0.5,1
16.8,79.4,133.8,carrot,normal,1,7,3,4.8,0
35.2,70.1,278.5,berries,fragile,2,4,2,0.5,1
7.4,71.7,233.4,banana,normal,1,6,2,4.0,0
24.7,89.3,135.3,potato,hardy,0,20,2,11.4,0
9.2,33.8,285.7,milk,fragile,2,4,2,4.9,0
36.7,68.4,221.7,apple,hardy,0,15,1,0.5,1
14.4,91.7,56.4,carrot,normal,1,9,2,10.1,0
15.9,78.5,62.8,apple,hardy,0,29,1,26.3,0
21.6,42.5,30.8,berries,fragile,2,3,3,6.7,0
10.3,55.3,265.1,apple,hardy,0,18,1,14.4,0
9.0,67.7,207.9,onion,hardy,0,27,2,27.3,0
19.8,46.5,245.7,carrot,normal,1,15,3,10.2,0
12.5,32.5,147.1,carrot,normal,1,11,1,9.5,0
14.0,90.2,43.2,carrot,normal,1,12,1,8.1,0
11.1,73.0,138.5,apple,hardy,0,24,1,21.8,0
29.8,77.0,100.3,potato,hardy,0,15,2,6.2,0
18.9,91.6,75.6,potato,hardy,0,22,3,20.4,0
6.1,47.6,219.6,potato,hardy,0,15,3,20.2,0
25.8,81.6,11.0,banana,normal,1,7,3,4.2,0
10.2,78.5,56.8,carrot,normal,1,8,3,12.3,0
11.3,65.9,121.4,milk,fragile,2,1,3,3.3,0
10.7,69.7,200.2,apple,hardy,0,16,2,16.0,0
19.3,70.9,100.3,leafy_vegetables,fragile,2,2,2,0.5,1
19.4,34.2,261.6,carrot,normal,1,11,2,5.0,0
18.0,73.5,130.1,potato,hardy,0,28,3,22.7,0
37.3,61.2,5.2,onion,hardy,0,23,3,17.0,0
32.3,63.4,75.7,leafy_vegetables,fragile,2,1,2,0.5,0
33.5,62.2,298.4,berries,fragile,2,2,3,0.5,1
31.0,67.3,59.1,leafy_vegetables,fragile,2,2,3,0.5,1
24.4,30.3,156.4,milk,fragile,2,3,2,0.5,1
36.5,79.6,254.2,apple,hardy,0,16,3,0.5,1
30.1,67.8,150.7,apple,hardy,0,20,2,10.2,0
25.5,61.5,156.2,milk,fragile,2,2,1,0.5,1
29.6,79.8,95.0,leafy_vegetables,fragile,2,5,3,0.5,1
12.4,64.9,145.0,onion,hardy,0,22,3,24.2,0
17.5,87.3,193.6,leafy_vegetables,fragile,2,4,3,0.5,1
5.0,86.2,246.9,carrot,normal,1,6,3,6.7,0
35.1,39.1,129.6,potato,hardy,0,15,3,6.1,0
36.4,64.3,255.1,banana,normal,1,10,3,0.5,1
18.5,43.3,20.4,berries,fragile,2,3,1,3.8,0
20.6,77.2,205.0,berries,fragile,2,3,3,0.5,1
14.8,94.1,20.2,banana,normal,1,12,3,15.3,0
13.6,40.6,221.4,apple,hardy,0,28,1,24.5,0
22.8,63.5,79.7,milk,fragile,2,2,2,0.5,1
20.8,78.7,194.2,leafy_vegetables,fragile,2,4,1,0.5,1
38.2,80.3,288.7,potato,hardy,0,30,3,13.4,0
12.1,56.5,123.2,potato,hardy,0,28,2,29.7,0
7.4,37.7,274.9,milk,fragile,2,5,2,4.5,0
7.3,42.3,123.7,carrot,normal,1,11,3,17.4,0
21.4,57.9,193.7,leafy_vegetables,fragile,2,4,2,0.5,1
30.2,72.6,50.4,potato,hardy,0,24,3,15.6,0
23.5,75.8,254.0,potato,hardy,0,15,3,3.8,1
33.0,39.0,67.5,apple,hardy,0,27,1,21.7,0
16.5,56.5,231.6,leafy_vegetables,fragile,2,4,1,0.5,1
15.0,53.0,9.6,berries,fragile,2,4,3,12.1,0
16.1,78.3,224.0,berries,fragile,2,4,1,0.5,1
33.8,74.1,251.9,berries,fragile,2,5,3,0.5,1
27.3,54.6,188.3,leafy_vegetables,fragile,2,1,3,0.5,0
26.0,47.4,115.6,leafy_vegetables,fragile,2,1,2,0.5,0
39.4,62.0,281.6,carrot,normal,1,15,1,0.5,1
23.3,76.5,34.0,milk,fragile,2,3,1,0.5,1
6.8,36.6,202.7,leafy_vegetables,fragile,2,3,1,4.9,0
9.3,82.1,235.4,potato,hardy,0,22,3,19.9,0
21.0,42.0,112.0,banana,normal,1,8,3,8.7,0
24.0,83.9,82.3,onion,hardy,0,28,2,23.3,0
11.7,74.0,214.1,milk,fragile,2,2,3,0.6,1
27.6,66.7,112.8,milk,fragile,2,3,3,0.5,1
31.3,34.4,256.6,leafy_vegetables,fragile,2,4,2,0.5,1
38.4,94.1,127.2,banana,normal,1,7,3,0.5,1
9.5,86.7,108.0,leafy_vegetables,fragile,2,2,1,1.8,0
6.4,53.7,255.0,apple,hardy,0,26,1,23.1,0
25.9,79.0,214.4,onion,hardy,0,18,2,4.5,1
30.4,61.3,158.2,tomato,normal,1,15,1,2.9,1
27.0,94.7,298.8,banana,normal,1,9,3,0.5,1
26.4,82.1,122.8,potato,hardy,0,26,1,14.4,0
35.0,32.5,46.1,leafy_vegetables,fragile,2,1,2,0.5,0
28.9,64.0,208.1,milk,fragile,2,4,1,0.5,1
31.9,62.1,297.4,milk,fragile,2,3,3,0.5,1
19.7,57.4,133.6,onion,hardy,0,30,1,23.8,0
26.0,71.3,214.3,banana,normal,1,8,1,0.5,1
35.6,77.6,222.8,leafy_vegetables,fragile,2,2,2,0.5,1
7.9,71.2,257.6,milk,fragile,2,1,1,0.5,0
19.0,56.9,85.0,tomato,normal,1,13,3,15.5,0
36.4,68.7,247.7,tomato,normal,1,5,1,0.5,1
16.8,54.8,291.9,milk,fragile,2,4,2,0.5,1
5.9,44.6,283.6,banana,normal,1,9,2,9.9,0
7.6,48.6,27.3,milk,fragile,2,4,1,11.2,0
22.8,71.5,173.3,berries,fragile,2,3,1,0.5,1
38.3,56.6,49.7,onion,hardy,0,16,3,9.3,0
7.7,55.9,246.7,apple,hardy,0,28,3,26.1,0
16.3,35.7,18.4,potato,hardy,0,21,3,29.4,0
38.5,34.1,232.3,banana,normal,1,15,1,1.1,1
16.6,76.9,212.6,leafy_vegetables,fragile,2,2,2,0.5,1
25.6,30.8,270.6,onion,hardy,0,15,2,5.1,0
29.6,50.8,96.6,tomato,normal,1,13,3,8.9,0
32.5,80.0,105.7,onion,hardy,0,28,3,19.1,0
22.5,67.1,214.2,milk,fragile,2,3,1,0.5,1
22.8,52.2,170.9,leafy_vegetables,fragile,2,3,1,0.5,1
10.2,35.1,269.2,tomato,normal,1,9,2,12.5,0
9.8,80.2,256.9,milk,fragile,2,1,3,0.5,0
14.7,60.3,138.3,onion,hardy,0,27,1,24.8,0
14.1,53.6,262.1,leafy_vegetables,fragile,2,2,1,0.5,1
17.2,90.2,151.6,potato,hardy,0,22,2,14.5,0
33.1,88.1,148.4,leafy_vegetables,fragile,2,1,2,0.5,0
28.6,32.7,105.9,banana,normal,1,11,3,8.2,0
30.1,69.7,255.9,carrot,normal,1,5,1,0.5,1
19.0,56.1,122.2,potato,hardy,0,15,3,12.6,0
10.3,32.9,88.4,potato,hardy,0,25,3,30.8,0
9.3,72.0,299.0,milk,fragile,2,2,3,0.5,1
20.1,66.4,273.9,leafy_vegetables,fragile,2,2,1,0.5,1
23.5,40.1,184.1,onion,hardy,0,18,3,12.5,0
17.5,30.1,241.5,berries,fragile,2,2,3,2.3,0
24.2,47.5,299.8,onion,hardy,0,16,3,8.4,0
11.6,91.3,123.5,apple,hardy,0,20,1,18.4,0
17.7,78.0,222.6,leafy_vegetables,fragile,2,5,1,0.5,1
7.0,32.5,296.2,leafy_vegetables,fragile,2,3,3,3.6,0
7.4,40.4,128.7,banana,normal,1,8,2,16.1,0
9.0,54.4,16.9,leafy_vegetables,fragile,2,2,3,8.2,0
31.4,68.8,4.2,banana,normal,1,8,1,2.8,0
28.1,93.6,285.6,apple,hardy,0,29,2,12.0,0
36.2,84.0,144.3,onion,hardy,0,16,3,3.2,1
38.9,86.0,62.1,berries,fragile,2,2,1,0.5,1
14.5,45.2,32.1,carrot,normal,1,14,1,17.3,0
23.0,35.6,220.9,carrot,normal,1,9,2,5.8,0
10.7,34.6,96.7,banana,normal,1,13,1,19.3,0
32.3,91.1,199.4,leafy_vegetables,fragile,2,1,1,0.5,0
18.4,74.8,179.9,apple,hardy,0,27,3,23.6,0
21.8,89.7,126.3,tomato,normal,1,8,1,0.5,1
15.0,82.6,56.6,onion,hardy,0,25,3,27.3,0
30.5,71.3,299.4,apple,hardy,0,25,3,8.6,0
25.6,42.5,40.6,potato,hardy,0,25,1,21.7,0
35.7,54.2,172.2,potato,hardy,0,30,3,18.2,0
10.1,49.3,145.2,carrot,normal,1,14,3,18.0,0
20.7,86.1,261.0,banana,normal,1,11,1,0.5,1
22.1,87.5,177.5,tomato,normal,1,10,1,0.5,1
15.2,51.5,2.0,onion,hardy,0,20,2,23.5,0
9.1,40.0,250.8,tomato,normal,1,10,1,3.3,0
34.2,54.7,20.0,leafy_vegetables,fragile,2,5,1,0.5,1
30.1,43.2,194.3,apple,hardy,0,22,1,12.2,0
15.7,73.3,162.5,banana,normal,1,13,2,7.1,0
34.0,69.0,183.5,banana,normal,1,6,3,0.5,1
21.0,62.5,198.1,apple,hardy,0,16,2,9.3,0
19.4,86.2,99.3,onion,hardy,0,23,2,17.9,0
30.6,41.3,71.8,leafy_vegetables,fragile,2,5,3,1.2,1
23.5,75.0,213.7,milk,fragile,2,1,3,0.5,0
36.1,75.3,269.7,apple,hardy,0,30,1,8.3,1
27.3,92.6,48.3,apple,hardy,0,30,2,25.7,0
27.7,50.5,214.7,onion,hardy,0,23,1,14.5,0
15.2,51.2,112.1,apple,hardy,0,21,2,22.1,0
35.8,90.3,8.3,leafy_vegetables,fragile,2,1,1,0.5,0
13.5,68.3,206.0,berries,fragile,2,2,3,0.5,1
12.1,74.8,56.9,banana,normal,1,5,2,10.5,0
32.1,40.9,47.7,leafy_vegetables,fragile,2,2,2,0.5,1
12.1,86.0,103.4,milk,fragile,2,1,1,0.5,0
25.9,46.1,231.6,tomato,normal,1,10,1,0.5,1
7.6,75.2,131.7,milk,fragile,2,2,1,2.0,0
32.1,90.5,108.3,leafy_vegetables,fragile,2,1,1,0.5,0
21.4,73.7,79.1,potato,hardy,0,28,1,23.1,0
13.2,85.5,216.6,tomato,normal,1,15,3,9.3,0
18.6,40.4,266.7,leafy_vegetables,fragile,2,3,3,0.5,1
32.1,85.8,210.6,tomato,normal,1,15,1,0.5,1
23.5,47.8,239.0,leafy_vegetables,fragile,2,5,3,0.5,1
38.4,76.5,220.4,banana,normal,1,11,2,0.5,1
8.0,84.7,128.7,potato,hardy,0,29,3,32.4,0
26.8,41.7,64.1,potato,hardy,0,18,2,15.7,0
8.6,40.5,151.0,milk,fragile,2,2,2,2.2,0
33.9,50.3,81.7,leafy_vegetables,fragile,2,3,2,0.5,1
11.5,38.1,151.6,potato,hardy,0,26,1,27.3,0
23.0,39.4,222.0,berries,fragile,2,2,3,0.5,1
23.6,36.7,213.2,berries,fragile,2,3,3,0.5,1
16.8,44.2,261.6,potato,hardy,0,23,1,18.6,0
25.8,91.9,79.4,milk,fragile,2,5,3,0.5,1
14.4,79.0,72.4,tomato,normal,1,15,2,14.0,0
33.4,53.3,51.1,carrot,normal,1,15,2,10.0,0
16.7,43.7,33.9,banana,normal,1,8,1,8.8,0
23.3,91.9,181.6,onion,hardy,0,24,1,13.5,0
39.9,80.2,263.3,apple,hardy,0,27,3,8.8,0
6.5,48.3,291.3,leafy_vegetables,fragile,2,2,3,0.5,1
9.6,89.8,109.3,milk,fragile,2,3,2,4.4,0
35.4,31.3,73.8,milk,fragile,2,2,1,0.5,1
34.7,51.3,102.5,onion,hardy,0,28,1,20.0,0
33.3,42.4,254.2,potato,hardy,0,19,1,3.9,1
10.5,93.6,157.5,onion,hardy,0,20,3,17.9,0
23.0,80.2,191.7,berries,fragile,2,5,3,0.5,1
28.2,55.5,21.9,onion,hardy,0,22,1,18.3,0
11.7,31.7,284.4,leafy_vegetables,fragile,2,2,1,0.5,1
28.6,64.5,116.2,tomato,normal,1,12,1,2.5,1
8.9,77.1,116.3,berries,fragile,2,1,3,2.8,0
13.3,88.2,14.5,carrot,normal,1,10,1,8.9,0
35.0,50.4,59.5,apple,hardy,0,25,1,18.1,0
30.9,81.3,298.4,milk,fragile,2,4,1,0.5,1
39.1,80.5,59.3,milk,fragile,2,2,3,0.5,1
38.2,52.0,214.3,berries,fragile,2,1,1,0.5,0
35.9,34.6,89.4,berries,fragile,2,4,3,0.5,1
12.1,44.2,201.1,banana,normal,1,10,1,8.6,0
16.7,60.7,61.0,leafy_vegetables,fragile,2,5,1,4.8,0
22.5,75.9,223.7,berries,fragile,2,3,2,0.5,1
11.8,88.9,17.0,potato,hardy,0,18,2,18.3,0
26.9,38.5,264.8,tomato,normal,1,8,3,0.5,1
34.1,62.5,210.9,leafy_vegetables,fragile,2,4,2,0.5,1
7.2,80.5,284.7,apple,hardy,0,18,2,14.2,0
26.2,42.1,208.9,tomato,normal,1,5,3,0.5,1
15.9,33.2,249.7,milk,fragile,2,1,2,0.5,0
32.1,50.9,241.6,potato,hardy,0,15,1,2.1,1
29.1,72.4,180.7,carrot,normal,1,11,2,0.5,1
7.7,33.6,70.8,tomato,normal,1,15,2,20.6,0
39.3,54.0,208.9,apple,hardy,0,24,2,9.9,0
23.4,66.1,119.5,potato,hardy,0,25,1,16.4,0
26.3,79.3,129.5,apple,hardy,0,28,3,21.4,0
6.3,44.6,271.8,leafy_vegetables,fragile,2,4,2,2.6,0
36.1,53.9,257.9,apple,hardy,0,23,3,7.0,0
30.8,64.5,8.7,potato,hardy,0,28,3,25.5,0
33.2,64.7,32.5,apple,hardy,0,25,1,16.7,0
35.4,48.5,235.1,leafy_vegetables,fragile,2,4,3,0.5,1
26.1,35.8,93.5,leafy_vegetables,fragile,2,2,3,0.5,1
25.4,70.0,37.4,banana,normal,1,7,1,3.9,0
33.6,72.4,127.8,carrot,normal,1,10,1,0.5,1
34.3,85.8,112.2,apple,hardy,0,24,2,12.4,0
26.8,90.3,115.5,berries,fragile,2,2,2,0.5,1
9.3,30.2,275.3,apple,hardy,0,29,2,29.2,0
13.9,86.0,153.6,potato,hardy,0,29,1,26.2,0
37.2,70.8,263.7,tomato,normal,1,13,3,0.5,1
8.0,45.0,230.1,berries,fragile,2,5,3,5.4,0
34.5,31.8,69.8,milk,fragile,2,2,1,0.5,1
12.9,44.2,258.9,onion,hardy,0,23,3,20.5,0
33.5,63.7,273.6,potato,hardy,0,23,3,6.1,1
29.8,65.1,256.5,onion,hardy,0,25,3,12.1,0
26.7,61.3,297.1,onion,hardy,0,15,3,4.3,1
13.8,48.1,284.8,carrot,normal,1,10,3,7.4,0
39.5,69.5,150.7,milk,fragile,2,2,2,0.5,1
11.7,63.8,107.5,banana,normal,1,5,2,4.5,0
31.8,53.3,240.6,leafy_vegetables,fragile,2,5,1,0.5,1
6.2,65.8,290.9,apple,hardy,0,22,2,18.0,0
35.6,67.0,116.1,leafy_vegetables,fragile,2,2,1,0.5,1
37.9,83.9,24.2,leafy_vegetables,fragile,2,5,1,0.5,1
13.8,93.9,91.9,carrot,normal,1,13,2,10.8,0
31.6,90.8,154.0,leafy_vegetables,fragile,2,3,2,0.5,1
16.8,59.5,170.3,tomato,normal,1,5,2,0.5,1
14.3,91.6,108.6,banana,normal,1,13,2,9.2,0
37.2,33.0,103.4,leafy_vegetables,fragile,2,4,2,0.5,1
35.9,83.6,26.9,carrot,normal,1,9,3,3.5,0
38.3,80.9,60.0,tomato,normal,1,13,1,0.5,1
16.6,72.7,74.2,banana,normal,1,12,2,10.9,0
36.2,50.9,122.4,carrot,normal,1,6,3,0.5,1
31.9,65.9,124.7,onion,hardy,0,27,1,15.8,0
8.3,72.5,100.6,milk,fragile,2,1,3,6.8,0
18.4,50.0,185.9,carrot,normal,1,7,3,3.5,0
12.6,74.0,28.2,berries,fragile,2,4,2,5.7,0
37.3,85.9,290.7,berries,fragile,2,2,3,0.5,1
10.1,65.3,116.4,tomato,normal,1,13,2,17.0,0
17.6,34.1,293.9,carrot,normal,1,9,3,4.7,0
5.7,84.9,278.6,potato,hardy,0,18,2,12.8,0
33.2,68.1,182.3,tomato,normal,1,15,2,3.7,1
21.9,84.4,96.1,banana,normal,1,9,2,3.1,0
7.4,68.7,217.1,carrot,normal,1,11,2,9.2,0
15.1,58.1,147.1,onion,hardy,0,17,2,15.6,0
27.6,42.0,62.6,onion,hardy,0,28,1,24.8,0
26.2,56.6,94.5,carrot,normal,1,7,1,0.5,1
15.2,80.1,40.6,leafy_vegetables,fragile,2,3,3,6.2,0
9.5,49.2,107.1,carrot,normal,1,6,2,10.4,0
18.5,59.8,188.9,onion,hardy,0,30,2,24.7,0
17.8,30.1,174.3,berries,fragile,2,3,2,3.0,0
5.1,77.3,205.5,leafy_vegetables,fragile,2,2,1,0.5,1
13.6,42.1,217.5,tomato,normal,1,14,1,11.0,0
9.9,33.0,162.9,apple,hardy,0,17,2,22.2,0
25.6,38.9,168.9,milk,fragile,2,5,1,0.9,1
25.9,91.3,183.2,banana,normal,1,10,2,0.5,1
12.9,51.8,67.9,onion,hardy,0,22,3,23.7,0
31.7,34.6,145.5,berries,fragile,2,2,1,0.5,1
21.4,74.5,275.3,potato,hardy,0,20,3,11.1,0
16.0,92.7,207.1,tomato,normal,1,7,3,0.5,1
27.6,53.7,150.7,carrot,normal,1,7,2,0.5,1
15.3,67.3,97.1,tomato,normal,1,11,2,9.4,0
37.7,35.2,114.4,carrot,normal,1,15,3,6.6,0
33.5,74.5,253.5,apple,hardy,0,16,3,0.7,1
24.4,86.9,249.5,onion,hardy,0,29,2,14.6,0
8.3,57.0,229.9,potato,hardy,0,27,3,27.3,0
26.7,71.9,112.9,berries,fragile,2,1,2,0.5,0
5.7,41.2,222.6,berries,fragile,2,3,1,3.8,0
25.6,64.0,202.3,leafy_vegetables,fragile,2,4,2,0.5,1
25.8,48.7,254.5,berries,fragile,2,2,1,0.5,1
13.5,67.2,141.8,apple,hardy,0,29,2,25.6,0
23.3,63.1,95.5,milk,fragile,2,2,1,0.5,1
36.5,33.5,170.3,banana,normal,1,13,2,3.4,1
35.9,51.4,122.7,leafy_vegetables,fragile,2,5,2,0.5,1
6.2,57.8,173.7,leafy_vegetables,fragile,2,5,1,5.6,0
15.9,50.1,145.3,tomato,normal,1,11,3,10.1,0
24.0,41.5,231.2,carrot,normal,1,14,3,11.3,0
16.7,64.7,136.3,berries,fragile,2,2,1,0.5,1
31.7,92.2,193.6,tomato,normal,1,13,3,0.5,1
11.5,56.2,141.8,berries,fragile,2,3,1,3.8,0
10.7,67.5,273.5,onion,hardy,0,23,1,16.6,0
21.4,78.9,108.7,carrot,normal,1,9,2,2.6,1
8.6,70.1,35.6,milk,fragile,2,1,1,5.3,0
9.3,68.2,89.9,apple,hardy,0,29,2,30.0,0
32.8,31.3,152.2,potato,hardy,0,16,3,9.2,0
36.6,47.2,52.0,berries,fragile,2,3,3,0.5,1
17.9,74.6,181.2,banana,normal,1,11,2,6.4,0
29.8,82.9,38.6,banana,normal,1,8,1,0.5,1
20.8,66.3,1.8,banana,normal,1,6,2,10.2,0
8.0,78.2,202.9,onion,hardy,0,26,2,27.7,0
32.6,48.7,253.8,carrot,normal,1,14,1,0.5,1
17.0,51.4,206.5,leafy_vegetables,fragile,2,5,2,1.7,0
12.1,89.3,196.7,carrot,normal,1,8,2,0.5,1
12.7,64.6,68.1,milk,fragile,2,4,3,7.3,0
37.2,54.7,155.1,onion,hardy,0,22,1,8.4,0
16.7,79.4,285.3,onion,hardy,0,16,1,4.8,1
24.7,34.5,179.2,milk,fragile,2,3,2,0.5,1
37.6,49.8,282.0,milk,fragile,2,1,1,0.5,0
11.2,89.7,74.4,carrot,normal,1,10,2,11.9,0
36.1,65.7,284.0,banana,normal,1,13,1,0.5,1
36.0,70.2,115.6,onion,hardy,0,25,3,13.8,0
39.7,77.9,6.0,banana,normal,1,5,3,0.5,1
24.5,44.5,282.7,onion,hardy,0,26,2,17.4,0
37.3,87.7,122.1,apple,hardy,0,18,3,7.0,0
30.1,31.2,32.4,banana,normal,1,5,3,7.8,0
39.4,92.4,169.7,leafy_vegetables,fragile,2,5,3,0.5,1
39.8,41.9,65.1,carrot,normal,1,15,1,7.2,0
39.6,81.7,189.1,onion,hardy,0,26,2,7.1,1
8.6,48.3,27.4,potato,hardy,0,29,2,37.4,0
37.4,51.9,215.1,milk,fragile,2,4,3,0.5,1
24.7,76.2,126.0,banana,normal,1,11,1,5.2,0
5.3,30.6,99.9,apple,hardy,0,16,2,25.1,0
23.3,63.9,111.6,tomato,normal,1,11,1,2.9,1
17.1,68.5,257.0,tomato,normal,1,14,3,10.0,0
11.7,65.8,284.2,tomato,normal,1,12,3,7.6,0
36.7,46.6,229.3,potato,hardy,0,30,2,14.9,0
29.0,38.1,283.2,potato,hardy,0,26,2,13.0,0
6.3,88.1,269.4,tomato,normal,1,15,1,10.3,0
15.8,84.9,66.0,potato,hardy,0,18,3,17.8,0
11.7,63.0,61.9,apple,hardy,0,15,2,19.6,0
39.5,95.0,261.0,banana,normal,1,12,2,0.5,1
35.5,31.3,17.7,apple,hardy,0,29,1,24.4,0
35.4,67.2,130.8,berries,fragile,2,5,3,0.5,1
21.5,48.1,114.6,milk,fragile,2,5,1,2.0,0
26.4,38.6,76.7,apple,hardy,0,30,1,26.2,0
27.1,36.3,292.6,carrot,normal,1,13,1,2.4,1
26.1,46.8,251.2,leafy_vegetables,fragile,2,1,1,0.5,0
28.3,73.6,59.2,leafy_vegetables,fragile,2,4,1,0.5,1
26.2,43.6,222.0,leafy_vegetables,fragile,2,4,2,0.5,1
36.4,59.8,188.3,apple,hardy,0,19,1,4.2,1
30.8,77.2,64.9,banana,normal,1,9,2,4.4,0
25.4,41.8,85.8,milk,fragile,2,4,1,1.2,1
7.0,61.6,83.6,banana,normal,1,10,2,16.3,0
18.5,92.7,80.6,leafy_vegetables,fragile,2,3,3,0.5,1
19.1,82.4,35.4,leafy_vegetables,fragile,2,3,2,0.5,1
9.9,67.4,181.4,carrot,normal,1,13,3,13.4,0
16.6,71.0,14.1,leafy_vegetables,fragile,2,4,1,4.6,0
23.7,66.6,210.3,apple,hardy,0,20,1,12.3,0
18.4,68.0,115.6,leafy_vegetables,fragile,2,4,2,0.5,1
35.3,68.1,283.4,tomato,normal,1,6,2,0.5,1
6.7,75.7,124.2,carrot,normal,1,8,2,10.0,0
23.2,84.6,77.1,apple,hardy,0,30,3,25.0,0
35.2,80.2,82.9,onion,hardy,0,23,1,13.6,0
26.2,89.9,49.5,berries,fragile,2,4,1,0.5,1
13.4,37.7,123.4,berries,fragile,2,5,1,6.2,0
6.5,56.9,228.1,milk,fragile,2,2,3,6.0,0
17.3,53.7,63.6,berries,fragile,2,3,2,5.4,0
15.6,78.8,255.5,berries,fragile,2,1,1,0.5,0
10.8,72.8,94.3,onion,hardy,0,22,3,27.5,0
33.0,77.2,61.5,leafy_vegetables,fragile,2,3,1,0.5,1
32.9,80.5,139.5,tomato,normal,1,5,3,0.5,1
16.5,44.6,139.8,banana,normal,1,8,2,7.9,0
39.7,41.2,225.7,banana,normal,1,8,2,0.5,1
22.1,70.9,193.0,tomato,normal,1,11,1,2.3,1
9.2,75.5,211.1,milk,fragile,2,3,2,0.5,1
27.8,31.7,165.1,potato,hardy,0,24,2,17.4,0
29.9,69.4,253.9,banana,normal,1,9,1,0.5,1
17.6,87.4,4.8,tomato,normal,1,7,2,5.6,0
14.6,51.5,124.9,apple,hardy,0,21,3,21.2,0
15.1,38.4,226.1,onion,hardy,0,27,3,25.7,0
38.2,83.3,166.2,onion,hardy,0,24,3,9.8,0
33.2,75.9,238.9,berries,fragile,2,2,2,0.5,1
39.0,67.9,139.0,berries,fragile,2,5,1,0.5,1
29.8,92.2,187.9,milk,fragile,2,5,2,0.5,1
15.7,44.3,237.9,carrot,normal,1,11,2,7.4,0
36.6,74.7,19.5,tomato,normal,1,11,2,2.0,1
31.2,69.1,169.9,tomato,normal,1,9,3,0.5,1
7.2,86.9,167.7,onion,hardy,0,16,1,11.6,0
28.5,94.9,51.4,tomato,normal,1,13,2,3.8,1
34.4,34.4,24.4,potato,hardy,0,17,2,11.6,0
10.5,86.5,33.7,berries,fragile,2,4,2,7.6,0
24.3,55.2,253.5,banana,normal,1,7,2,0.5,1
6.5,84.1,251.6,tomato,normal,1,9,1,3.9,0
5.5,85.1,217.2,berries,fragile,2,5,2,2.4,0
38.3,66.6,288.3,potato,hardy,0,30,3,12.6,0
15.9,45.8,172.1,onion,hardy,0,20,2,19.8,0
9.9,43.7,222.8,potato,hardy,0,21,1,20.7,0
22.0,69.5,48.9,milk,fragile,2,4,2,0.6,1
19.4,89.8,264.1,apple,hardy,0,16,2,3.8,1
37.1,68.1,214.1,banana,normal,1,14,2,0.5,1
23.1,62.3,90.8,potato,hardy,0,22,2,18.5,0
35.4,54.5,264.3,onion,hardy,0,22,3,8.3,0
31.1,76.8,198.2,potato,hardy,0,28,2,13.4,0
14.1,89.3,6.4,potato,hardy,0,24,3,26.5,0
36.8,93.8,108.6,potato,hardy,0,28,3,17.8,0
35.2,32.9,172.5,apple,hardy,0,15,1,4.0,1
37.8,85.1,74.5,apple,hardy,0,25,1,9.5,0
32.3,77.2,285.6,carrot,normal,1,5,1,0.5,1
11.3,88.8,94.5,carrot,normal,1,5,1,4.5,0
34.1,47.1,265.5,onion,hardy,0,16,1,0.5,1
34.1,41.1,112.3,leafy_vegetables,fragile,2,2,1,0.5,1
12.0,39.1,37.9,apple,hardy,0,19,1,23.8,0
7.8,69.2,255.3,berries,fragile,2,1,3,0.5,0
18.8,40.4,53.7,berries,fragile,2,4,3,6.7,0
25.5,94.2,176.7,apple,hardy,0,17,2,7.8,0
36.8,85.0,212.8,apple,hardy,0,22,2,7.5,0
17.4,67.0,78.0,potato,hardy,0,16,3,17.7,0
16.3,85.4,114.9,potato,hardy,0,18,2,13.3,0
12.5,60.8,259.1,apple,hardy,0,16,1,10.6,0
27.8,33.5,294.0,berries,fragile,2,5,3,0.5,1
26.9,42.0,169.2,potato,hardy,0,20,3,13.5,0
27.7,67.9,55.9,berries,fragile,2,2,1,0.5,1
34.8,93.7,292.9,banana,normal,1,6,3,0.5,1
29.3,53.2,116.2,berries,fragile,2,4,2,0.5,1
23.3,86.5,3.6,apple,hardy,0,23,1,21.2,0
12.3,30.8,269.1,potato,hardy,0,26,2,24.1,0
31.6,73.3,89.8,milk,fragile,2,1,1,0.5,0
35.4,64.0,273.9,potato,hardy,0,22,2,6.3,1
27.4,92.9,54.4,berries,fragile,2,4,2,0.5,1
28.4,89.5,48.6,carrot,normal,1,10,1,0.5,1
30.2,35.4,201.5,tomato,normal,1,8,1,0.5,1
8.0,61.8,4.0,banana,normal,1,11,1,16.5,0
31.8,33.8,252.3,potato,hardy,0,28,2,15.2,0
21.7,69.3,200.9,potato,hardy,0,29,1,19.1,0
7.1,75.8,246.1,banana,normal,1,13,2,9.6,0
22.9,40.9,192.2,potato,hardy,0,29,1,21.1,0
33.8,52.3,128.4,onion,hardy,0,24,3,17.1,0
31.4,31.2,41.6,apple,hardy,0,30,3,28.6,0
12.6,61.4,136.1,potato,hardy,0,26,3,28.7,0
6.2,47.8,140.4,banana,normal,1,12,1,14.9,0
23.2,65.4,100.1,milk,fragile,2,5,1,0.5,1
39.5,48.8,236.1,apple,hardy,0,26,1,8.4,0
24.2,59.9,100.1,tomato,normal,1,12,2,8.4,0
6.0,49.0,119.3,onion,hardy,0,29,1,32.1,0
14.1,33.1,168.3,leafy_vegetables,fragile,2,5,3,4.8,0
17.9,31.1,252.0,onion,hardy,0,19,3,16.1,0
18.7,64.2,107.2,leafy_vegetables,fragile,2,4,3,2.6,0
29.2,42.8,294.5,carrot,normal,1,5,2,0.5,1
39.4,64.0,55.5,potato,hardy,0,23,2,12.6,0
19.8,44.8,211.3,milk,fragile,2,4,1,0.5,1
19.7,73.5,37.4,berries,fragile,2,1,3,5.3,0
23.9,32.1,278.2,leafy_vegetables,fragile,2,1,1,0.5,0
16.8,71.5,248.6,onion,hardy,0,18,2,9.3,0
33.5,52.8,215.8,leafy_vegetables,fragile,2,3,3,0.5,1
30.4,61.0,5.2,berries,fragile,2,1,2,0.5,0
34.7,81.0,93.8,carrot,normal,1,7,3,0.5,1
35.7,33.3,91.0,potato,hardy,0,17,2,10.6,0
7.5,73.2,158.9,leafy_vegetables,fragile,2,1,3,2.1,0
32.7,80.8,32.1,tomato,normal,1,9,3,1.9,1
6.0,69.8,91.7,tomato,normal,1,7,1,7.8,0
5.8,44.5,181.7,tomato,normal,1,11,1,14.2,0
17.1,57.7,110.1,carrot,normal,1,7,1,7.2,0
16.9,79.7,191.7,tomato,normal,1,5,1,0.5,1
39.7,78.1,233.1,banana,normal,1,15,3,0.5,1
29.5,86.1,55.0,potato,hardy,0,19,3,13.5,0
25.8,53.3,229.0,banana,normal,1,14,1,0.5,1
20.7,91.8,64.0,leafy_vegetables,fragile,2,3,1,0.5,1
25.5,46.5,245.5,potato,hardy,0,21,3,12.4,0
34.5,65.7,253.5,tomato,normal,1,11,3,0.5,1
15.2,33.2,270.9,potato,hardy,0,21,3,20.2,0
37.0,61.0,276.3,leafy_vegetables,fragile,2,1,1,0.5,0
22.3,70.0,118.1,apple,hardy,0,27,2,21.0,0
17.9,35.2,42.3,tomato,normal,1,10,2,12.5,0
35.0,69.6,272.4,potato,hardy,0,30,2,14.4,0
7.6,57.9,72.5,onion,hardy,0,21,3,29.6,0
38.8,59.5,236.1,milk,fragile,2,2,1,0.5,1
38.9,94.2,193.1,milk,fragile,2,1,2,0.5,0
38.4,38.8,58.1,apple,hardy,0,30,3,26.7,0
37.2,89.5,118.2,milk,fragile,2,1,3,0.5,0
36.1,80.0,83.6,leafy_vegetables,fragile,2,4,3,0.5,1
20.9,88.5,27.0,berries,fragile,2,4,1,1.4,0
38.0,59.4,150.5,berries,fragile,2,4,1,0.5,1
24.8,81.8,132.0,potato,hardy,0,25,3,18.8,0
15.0,79.5,172.9,apple,hardy,0,21,3,15.7,0
18.1,44.5,251.9,berries,fragile,2,5,2,0.5,1
24.5,94.7,285.5,milk,fragile,2,1,1,0.5,0
39.2,93.3,38.8,onion,hardy,0,22,2,9.3,0
22.1,44.8,228.6,berries,fragile,2,4,3,0.5,1
14.9,89.8,128.7,tomato,normal,1,10,1,6.1,0
17.8,38.2,51.2,tomato,normal,1,15,2,20.8,0
37.3,49.5,174.2,berries,fragile,2,1,2,0.5,0
7.2,54.6,26.6,berries,fragile,2,3,3,13.1,0
23.5,51.2,73.9,leafy_vegetables,fragile,2,1,3,0.9,0
36.9,62.0,154.0,milk,fragile,2,2,3,0.5,1
32.5,85.7,240.3,tomato,normal,1,15,2,0.5,1
10.4,50.5,257.4,leafy_vegetables,fragile,2,1,3,2.7,0
37.1,89.5,149.1,onion,hardy,0,26,2,10.5,0
25.5,80.3,139.3,onion,hardy,0,19,1,9.2,0
38.7,62.5,120.0,potato,hardy,0,24,3,12.5,0
19.6,54.4,105.6,carrot,normal,1,6,3,4.6,0
22.8,49.4,48.6,banana,normal,1,11,3,11.9,0
17.2,48.9,180.8,milk,fragile,2,2,2,2.5,0
38.6,40.7,299.2,milk,fragile,2,4,3,0.5,1
15.0,34.1,289.2,apple,hardy,0,21,2,14.3,0
21.4,89.3,170.8,milk,fragile,2,5,3,0.5,1
11.9,62.3,211.9,milk,fragile,2,2,2,1.0,0
17.1,84.9,213.5,banana,normal,1,12,1,1.9,1
37.3,75.0,75.0,milk,fragile,2,3,1,0.5,1
9.1,55.2,187.9,potato,hardy,0,29,2,28.3,0
7.9,38.2,250.9,apple,hardy,0,23,2,23.0,0
25.2,64.0,144.9,milk,fragile,2,5,1,0.5,1
35.8,91.4,18.5,leafy_vegetables,fragile,2,2,3,0.5,1
20.8,83.2,5.1,potato,hardy,0,18,2,19.6,0
9.1,57.1,108.9,onion,hardy,0,21,2,25.6,0
32.8,41.4,245.4,potato,hardy,0,16,3,5.6,0
29.8,81.0,26.4,onion,hardy,0,28,3,25.7,0
23.2,33.2,87.3,potato,hardy,0,28,1,27.5,0
39.2,93.8,30.3,apple,hardy,0,24,2,11.0,0
9.4,91.1,164.0,apple,hardy,0,27,2,25.7,0
25.0,49.3,299.1,tomato,normal,1,13,1,1.5,1
33.8,84.6,247.5,carrot,normal,1,14,2,0.5,1
18.7,30.9,77.2,tomato,normal,1,13,1,15.6,0
29.9,43.2,254.2,leafy_vegetables,fragile,2,3,2,0.5,1
17.9,36.0,187.9,banana,normal,1,11,3,9.8,0
20.1,70.8,37.7,apple,hardy,0,15,1,14.7,0
13.2,76.9,131.1,leafy_vegetables,fragile,2,3,1,0.5,1
27.3,67.4,170.0,apple,hardy,0,25,1,14.0,0
34.2,31.0,99.4,milk,fragile,2,5,1,0.5,1
18.7,58.4,201.3,onion,hardy,0,22,2,18.1,0
14.9,68.5,107.8,onion,hardy,0,20,3,20.4,0
37.1,88.2,272.7,potato,hardy,0,24,1,1.7,1
18.3,59.3,180.3,berries,fragile,2,1,2,0.5,0
10.5,76.4,23.3,onion,hardy,0,21,3,26.6,0
15.9,90.5,85.5,apple,hardy,0,27,1,22.3,0
7.1,46.1,262.8,milk,fragile,2,3,1,0.5,1
11.1,92.9,64.7,leafy_vegetables,fragile,2,2,2,3.2,0
5.2,62.8,146.9,onion,hardy,0,28,3,30.9,0
13.5,34.1,44.8,leafy_vegetables,fragile,2,3,1,5.2,0
13.6,72.3,166.5,apple,hardy,0,23,2,20.7,0
31.3,62.9,270.9,leafy_vegetables,fragile,2,3,2,0.5,1
12.5,57.9,297.3,apple,hardy,0,28,2,25.0,0
28.7,83.3,283.3,potato,hardy,0,17,3,0.5,1
16.7,51.1,208.7,tomato,normal,1,5,1,0.5,1
35.7,69.2,136.5,tomato,normal,1,13,3,2.9,1
14.6,70.0,66.2,banana,normal,1,8,3,11.0,0
36.2,86.0,109.4,banana,normal,1,8,3,0.5,1
9.8,66.6,45.6,leafy_vegetables,fragile,2,3,3,9.5,0
5.8,80.0,289.7,tomato,normal,1,14,2,10.8,0
29.0,93.3,254.8,milk,fragile,2,3,2,0.5,1
11.6,74.2,118.8,leafy_vegetables,fragile,2,2,2,1.1,0
37.1,79.1,196.9,leafy_vegetables,fragile,2,4,2,0.5,1
29.9,86.4,292.7,leafy_vegetables,fragile,2,2,2,0.5,1
32.4,78.2,77.0,apple,hardy,0,23,1,13.1,0
11.4,49.8,135.1,milk,fragile,2,2,2,5.5,0
32.5,44.5,231.9,carrot,normal,1,7,2,0.5,1
14.6,56.1,225.0,onion,hardy,0,30,2,28.0,0
31.6,41.6,176.5,onion,hardy,0,25,2,17.4,0
26.4,77.9,100.6,carrot,normal,1,7,1,0.5,1
34.8,83.6,267.7,berries,fragile,2,4,1,0.5,1
19.9,37.8,298.0,apple,hardy,0,22,2,16.4,0
35.6,64.1,164.2,berries,fragile,2,5,2,0.5,1
5.4,37.6,277.2,carrot,normal,1,10,1,6.7,0
28.2,48.1,97.2,leafy_vegetables,fragile,2,5,2,0.5,1
21.6,63.6,178.0,leafy_vegetables,fragile,2,2,1,0.5,1
28.4,51.3,123.4,milk,fragile,2,4,2,0.5,1
22.4,94.7,147.4,tomato,normal,1,7,3,0.5,1
38.9,44.5,66.9,banana,normal,1,9,2,0.5,1
7.7,49.9,115.4,potato,hardy,0,23,1,26.6,0
29.0,66.9,119.8,carrot,normal,1,14,1,2.1,1
15.5,70.9,207.9,berries,fragile,2,1,1,0.5,0
22.7,71.7,98.9,banana,normal,1,5,1,0.5,1
11.2,72.3,150.1,leafy_vegetables,fragile,2,2,3,1.8,0
9.1,59.6,166.0,onion,hardy,0,19,1,18.9,0
30.2,31.3,292.0,apple,hardy,0,27,3,15.5,0
21.5,63.6,256.6,tomato,normal,1,7,3,2.0,1
10.3,53.8,60.5,berries,fragile,2,4,1,10.1,0
34.7,44.0,226.4,tomato,normal,1,7,2,0.5,1
5.2,77.9,221.5,apple,hardy,0,20,3,20.4,0
14.8,73.9,233.8,milk,fragile,2,3,1,0.5,1
13.9,57.8,270.5,potato,hardy,0,27,3,22.8,0
39.9,81.2,263.2,onion,hardy,0,30,1,6.1,1
6.6,56.7,96.2,banana,normal,1,5,2,11.7,0
31.9,54.9,167.6,carrot,normal,1,8,3,0.7,1
22.6,75.9,171.4,onion,hardy,0,21,2,12.2,0
39.3,39.5,89.4,onion,hardy,0,16,2,6.9,0
8.0,49.3,42.1,tomato,normal,1,11,3,21.2,0
6.0,66.1,51.7,potato,hardy,0,21,1,26.9,0
28.5,36.4,199.6,tomato,normal,1,11,2,2.9,1
13.9,88.0,290.6,potato,hardy,0,30,3,21.1,0
32.9,94.1,209.4,apple,hardy,0,19,1,1.0,1
7.6,85.4,124.6,leafy_vegetables,fragile,2,2,1,1.7,0
28.7,63.0,84.0,onion,hardy,0,19,3,16.8,0
29.5,90.6,138.2,apple,hardy,0,19,1,6.1,0
21.5,56.5,106.7,carrot,normal,1,12,2,8.3,0
31.0,43.2,61.4,tomato,normal,1,10,1,7.0,0
36.7,59.4,3.7,leafy_vegetables,fragile,2,3,3,0.5,1
37.0,65.2,151.5,potato,hardy,0,17,1,4.7,1
10.2,42.2,280.5,milk,fragile,2,5,1,0.8,1
6.1,60.5,169.7,onion,hardy,0,19,2,22.5,0
20.8,64.8,297.7,apple,hardy,0,15,1,4.8,0
18.9,55.0,197.7,potato,hardy,0,19,2,17.9,0
6.5,42.4,199.6,apple,hardy,0,23,1,25.7,0
14.1,85.2,59.2,banana,normal,1,10,1,9.2,0
8.6,41.9,104.4,tomato,normal,1,5,1,9.8,0
10.1,70.9,135.7,apple,hardy,0,19,2,21.2,0
15.6,37.0,164.5,leafy_vegetables,fragile,2,3,3,6.3,0
20.2,69.6,203.1,milk,fragile,2,2,3,0.5,1
8.3,75.2,217.7,onion,hardy,0,30,2,29.3,0
35.4,91.2,146.9,leafy_vegetables,fragile,2,5,3,0.5,1
29.8,80.4,38.2,carrot,normal,1,12,2,7.0,0
15.3,30.6,190.4,leafy_vegetables,fragile,2,1,3,1.0,0
37.4,93.0,71.5,berries,fragile,2,4,1,0.5,1
19.2,51.9,235.8,tomato,normal,1,9,3,7.8,0
14.5,44.7,77.1,carrot,normal,1,6,2,8.9,0
20.2,41.0,149.4,leafy_vegetables,fragile,2,5,2,2.2,0
28.3,34.3,262.9,carrot,normal,1,11,3,3.8,0
32.9,37.7,123.0,berries,fragile,2,2,1,0.5,1
34.8,50.1,102.2,apple,hardy,0,19,2,10.2,0
13.7,35.5,246.3,milk,fragile,2,2,3,1.8,0
8.2,43.4,231.5,apple,hardy,0,20,2,21.5,0
23.9,84.8,19.1,tomato,normal,1,10,3,7.5,0
34.4,58.5,72.3,potato,hardy,0,18,3,11.2,0
18.4,92.0,22.5,apple,hardy,0,25,3,27.0,0
7.7,52.4,282.2,tomato,normal,1,9,3,9.1,0
34.6,86.2,226.9,potato,hardy,0,30,1,12.2,0
11.4,48.3,155.3,leafy_vegetables,fragile,2,4,2,5.9,0
37.9,94.4,158.5,tomato,normal,1,8,1,0.5,1
10.6,46.4,235.7,milk,fragile,2,1,3,2.0,0
9.4,48.0,67.2,banana,normal,1,14,2,18.1,0
38.0,94.8,206.0,potato,hardy,0,18,2,0.7,1
7.9,50.2,103.7,berries,fragile,2,5,1,9.5,0
5.2,49.3,187.5,leafy_vegetables,fragile,2,4,3,8.1,0
19.0,90.4,223.4,apple,hardy,0,22,2,9.5,0
9.9,53.3,271.8,carrot,normal,1,8,3,5.6,0
6.0,64.6,262.0,tomato,normal,1,12,2,7.9,0
36.0,53.0,40.7,leafy_vegetables,fragile,2,3,1,0.5,1
25.8,79.4,182.6,onion,hardy,0,27,1,15.4,0
8.3,48.3,190.2,milk,fragile,2,2,2,5.2,0
27.4,33.0,237.3,tomato,normal,1,8,2,0.5,1
23.7,62.4,104.8,milk,fragile,2,3,3,0.5,1
35.4,36.2,4.9,banana,normal,1,5,3,3.4,0
6.8,74.9,193.1,potato,hardy,0,22,1,20.8,0
27.5,80.1,108.5,onion,hardy,0,28,1,17.5,0
5.4,52.8,28.4,onion,hardy,0,19,3,28.5,0
16.8,46.7,218.1,apple,hardy,0,18,1,12.1,0
12.2,75.8,21.0,apple,hardy,0,18,2,22.0,0
6.7,50.8,119.1,potato,hardy,0,21,2,24.6,0
23.6,57.9,211.2,onion,hardy,0,18,1,3.5,1
38.1,55.6,212.7,potato,hardy,0,17,1,2.3,1
17.1,64.1,42.4,tomato,normal,1,12,3,16.8,0
12.6,49.8,299.2,banana,normal,1,15,3,12.2,0
20.3,76.2,138.4,banana,normal,1,15,1,8.7,0
34.7,31.4,20.8,leafy_vegetables,fragile,2,2,2,0.5,1
10.5,47.7,70.4,potato,hardy,0,15,1,17.7,0
26.4,35.3,191.7,onion,hardy,0,19,3,12.3,0
15.1,77.2,219.5,leafy_vegetables,fragile,2,1,2,0.5,0
10.1,46.8,176.2,leafy_vegetables,fragile,2,2,1,3.1,0
5.2,72.2,127.2,onion,hardy,0,16,2,18.3,0
20.1,32.7,42.5,potato,hardy,0,28,1,28.7,0
25.8,79.1,89.9,carrot,normal,1,8,1,2.7,0
32.8,73.0,123.7,milk,fragile,2,4,1,0.5,1
7.8,42.8,293.6,berries,fragile,2,5,3,5.3,0
15.4,87.5,270.5,milk,fragile,2,5,1,0.5,1
39.2,37.2,139.1,berries,fragile,2,3,2,0.5,1
31.0,68.7,286.3,tomato,normal,1,6,1,0.5,1
24.6,65.3,296.8,carrot,normal,1,5,3,0.5,1
27.4,93.2,284.0,potato,hardy,0,17,2,0.5,1
9.3,60.4,284.6,leafy_vegetables,fragile,2,2,3,0.5,1
34.5,89.8,146.3,potato,hardy,0,24,3,12.3,0
13.9,48.1,29.0,carrot,normal,1,6,3,11.4,0
35.7,73.0,92.1,milk,fragile,2,4,3,0.5,1
12.4,78.0,164.9,banana,normal,1,15,2,11.3,0
19.4,39.5,207.2,potato,hardy,0,18,1,12.7,0
33.6,72.9,189.7,tomato,normal,1,5,1,0.5,1
38.9,92.1,124.3,onion,hardy,0,27,2,11.7,0
22.9,33.6,172.6,carrot,normal,1,13,3,10.0,0
20.8,93.1,192.9,potato,hardy,0,16,1,5.7,0
7.3,41.9,146.9,potato,hardy,0,18,1,20.2,0
5.5,44.7,291.6,apple,hardy,0,21,1,18.0,0
14.6,55.4,138.6,potato,hardy,0,20,2,16.1,0
36.1,94.3,7.1,tomato,normal,1,15,3,6.3,0
27.7,94.5,194.4,leafy_vegetables,fragile,2,2,3,0.5,1
30.5,84.4,235.5,leafy_vegetables,fragile,2,4,2,0.5,1
19.5,61.9,51.0,apple,hardy,0,22,2,26.7,0
23.1,45.0,199.3,potato,hardy,0,18,1,12.1,0
27.6,39.6,103.2,milk,fragile,2,2,2,0.5,1
29.5,94.6,141.5,milk,fragile,2,1,3,0.5,0
32.7,82.3,267.8,berries,fragile,2,3,1,0.5,1
22.4,79.3,20.3,carrot,normal,1,15,3,13.0,0
33.6,60.9,221.6,tomato,normal,1,8,1,0.5,1
23.1,56.4,245.6,tomato,normal,1,14,1,3.7,1
5.1,93.5,218.9,apple,hardy,0,17,2,15.7,0
9.7,65.2,276.6,onion,hardy,0,29,1,23.9,0
30.4,54.7,265.4,apple,hardy,0,25,2,8.9,0
18.1,86.4,93.8,milk,fragile,2,1,2,0.5,0
35.3,49.8,239.6,berries,fragile,2,1,3,0.5,0
17.5,77.9,192.9,milk,fragile,2,5,2,0.5,1
6.8,54.9,118.7,apple,hardy,0,17,1,19.7,0
37.6,77.6,233.1,banana,normal,1,10,1,0.5,1
30.5,61.9,21.0,tomato,normal,1,13,2,8.2,0
19.0,51.5,292.6,milk,fragile,2,1,3,0.5,0
27.5,67.1,157.8,apple,hardy,0,19,3,14.9,0
29.8,90.3,257.7,carrot,normal,1,10,1,0.5,1
8.8,45.5,71.2,banana,normal,1,11,3,19.3,0
38.5,88.1,130.8,apple,hardy,0,26,3,13.4,0
39.4,59.2,254.4,carrot,normal,1,12,2,0.5,1
14.6,43.1,89.9,banana,normal,1,8,2,11.8,0
18.6,89.4,103.4,apple,hardy,0,29,2,24.5,0
15.4,47.3,172.7,leafy_vegetables,fragile,2,4,1,1.8,0
37.8,89.4,76.9,banana,normal,1,5,2,0.5,1
39.8,78.9,131.9,banana,normal,1,10,2,0.5,1
36.4,51.9,159.9,apple,hardy,0,28,2,14.6,0
15.4,61.8,66.4,banana,normal,1,13,2,13.3,0
7.8,79.7,136.5,berries,fragile,2,5,3,9.3,0
11.5,32.2,97.1,leafy_vegetables,fragile,2,5,2,11.4,0
21.1,60.0,243.4,apple,hardy,0,24,1,13.2,0
11.2,65.7,176.7,leafy_vegetables,fragile,2,5,2,5.7,0
26.9,90.6,287.3,milk,fragile,2,2,1,0.5,1
11.7,39.2,136.4,milk,fragile,2,1,3,5.8,0
28.5,79.4,36.6,milk,fragile,2,5,2,0.8,1
25.6,63.4,249.2,leafy_vegetables,fragile,2,1,1,0.5,0
32.7,64.3,121.2,apple,hardy,0,29,3,22.4,0
13.1,30.9,196.4,milk,fragile,2,3,1,2.5,0
29.3,94.2,153.6,carrot,normal,1,9,2,0.5,1
39.2,94.6,179.7,berries,fragile,2,5,2,0.5,1
30.3,62.9,119.3,milk,fragile,2,2,2,0.5,1
34.3,34.0,291.7,potato,hardy,0,20,2,8.4,0
24.6,39.0,274.8,onion,hardy,0,20,1,10.0,0
38.7,58.7,81.1,potato,hardy,0,21,3,10.9,0
26.6,93.2,213.9,apple,hardy,0,21,2,6.1,1
16.1,63.1,37.6,berries,fragile,2,3,3,6.3,0
5.1,53.0,35.7,apple,hardy,0,18,1,23.4,0
16.4,54.7,235.1,leafy_vegetables,fragile,2,3,2,0.5,1
31.8,90.3,285.1,milk,fragile,2,3,2,0.5,1
10.1,42.0,19.9,berries,fragile,2,1,1,5.8,0
34.4,41.9,270.6,banana,normal,1,9,3,0.5,1
25.0,89.4,9.8,berries,fragile,2,5,2,1.1,1
29.0,85.9,116.7,carrot,normal,1,7,1,0.5,1
29.3,66.2,125.9,apple,hardy,0,25,2,15.1,0
24.5,74.6,72.4,apple,hardy,0,24,2,18.0,0
28.3,59.4,48.1,potato,hardy,0,19,2,16.2,0
15.8,43.5,109.1,leafy_vegetables,fragile,2,4,1,2.9,0
26.9,50.0,116.5,banana,normal,1,8,2,0.5,1
33.3,39.7,115.6,tomato,normal,1,10,2,3.3,0
31.4,42.3,284.0,carrot,normal,1,11,1,0.5,1
29.0,82.4,114.2,potato,hardy,0,29,1,18.7,0
34.0,80.3,201.1,leafy_vegetables,fragile,2,5,3,0.5,1
35.3,67.8,219.1,leafy_vegetables,fragile,2,5,2,0.5,1
17.2,56.3,213.0,leafy_vegetables,fragile,2,3,3,0.5,1
15.5,49.8,243.6,leafy_vegetables,fragile,2,2,1,0.5,1
11.5,64.0,202.3,berries,fragile,2,2,3,1.7,0
13.6,73.8,243.3,berries,fragile,2,1,1,0.5,0
26.2,84.4,112.3,milk,fragile,2,5,2,0.5,1
20.5,77.1,171.0,milk,fragile,2,2,3,0.5,1
14.6,31.3,108.1,leafy_vegetables,fragile,2,5,1,10.0,0
30.4,61.3,167.4,tomato,normal,1,7,2,0.5,1
37.6,74.9,202.7,tomato,normal,1,13,3,0.5,1
16.3,93.6,26.6,apple,hardy,0,25,2,22.5,0
11.7,32.1,99.6,carrot,normal,1,5,2,10.0,0
22.7,33.5,72.8,banana,normal,1,6,3,10.6,0
31.7,84.0,70.4,banana,normal,1,11,2,1.1,1
34.9,35.1,173.2,potato,hardy,0,22,2,9.6,0
7.5,49.0,14.3,onion,hardy,0,26,2,34.6,0
31.6,65.9,235.3,apple,hardy,0,19,1,3.5,1
22.7,62.6,183.5,carrot,normal,1,10,3,6.7,0
27.7,58.5,285.1,potato,hardy,0,29,3,15.1,0
20.4,63.6,88.2,potato,hardy,0,16,1,9.2,0
15.1,72.7,83.3,carrot,normal,1,12,3,15.0,0
21.3,38.7,5.0,apple,hardy,0,16,1,18.3,0
17.1,50.1,63.0,apple,hardy,0,21,1,18.5,0
27.3,74.6,140.8,milk,fragile,2,4,2,0.5,1
39.3,58.0,184.5,potato,hardy,0,15,1,1.2,1
25.4,87.3,66.0,carrot,normal,1,6,1,0.5,1
11.7,54.6,118.4,apple,hardy,0,30,2,29.9,0
28.5,55.8,40.7,potato,hardy,0,15,3,15.6,0
31.2,31.7,78.1,milk,fragile,2,1,2,0.5,0
19.9,53.2,299.4,onion,hardy,0,16,3,7.2,0
18.5,42.7,154.2,berries,fragile,2,2,2,0.5,1
22.8,33.8,47.0,apple,hardy,0,15,3,17.1,0
7.2,75.1,19.5,apple,hardy,0,15,1,20.7,0
8.1,77.2,41.9,apple,hardy,0,18,3,25.9,0
22.6,92.9,27.6,apple,hardy,0,18,1,14.3,0
5.7,40.1,187.7,banana,normal,1,13,2,19.3,0
6.2,55.7,293.9,leafy_vegetables,fragile,2,3,1,0.5,1
36.2,80.6,196.2,apple,hardy,0,25,1,6.3,1
37.4,70.1,181.4,milk,fragile,2,4,1,0.5,1
18.0,74.6,96.8,apple,hardy,0,20,2,19.6,0
10.8,59.5,66.0,berries,fragile,2,1,2,6.2,0
14.0,52.8,274.8,berries,fragile,2,3,1,0.5,1
11.9,33.1,234.7,carrot,normal,1,12,3,10.2,0
21.9,86.4,36.9,apple,hardy,0,24,2,21.0,0
8.4,77.6,35.2,carrot,normal,1,15,3,24.0,0
8.2,90.4,141.4,apple,hardy,0,17,2,18.4,0
15.4,94.7,128.9,apple,hardy,0,30,3,27.6,0
10.8,68.5,228.6,apple,hardy,0,17,1,9.0,0
8.4,90.8,101.7,berries,fragile,2,5,1,4.8,0
6.4,33.8,28.2,potato,hardy,0,15,3,26.3,0
34.3,82.6,287.9,milk,fragile,2,3,3,0.5,1
10.8,81.9,54.3,milk,fragile,2,1,3,1.2,0
39.2,35.7,244.4,milk,fragile,2,1,2,0.5,0
38.7,58.1,200.0,berries,fragile,2,2,3,0.5,1
38.3,81.5,45.6,banana,normal,1,12,2,4.4,0
26.7,77.3,210.1,banana,normal,1,14,1,0.5,1
13.7,87.7,172.4,potato,hardy,0,24,3,21.3,0
11.9,82.3,92.5,tomato,normal,1,15,3,16.3,0
28.4,74.5,86.8,berries,fragile,2,2,3,0.5,1
30.7,42.6,83.7,carrot,normal,1,13,3,7.6,0
30.4,47.0,280.5,milk,fragile,2,4,3,0.5,1
37.5,41.4,265.0,potato,hardy,0,26,2,8.5,0
27.9,35.5,285.1,berries,fragile,2,2,1,0.5,1
30.7,81.5,163.2,potato,hardy,0,22,1,9.7,0
11.7,58.6,8.3,milk,fragile,2,3,1,7.6,0
22.0,84.3,162.1,milk,fragile,2,2,3,0.5,1
16.7,66.3,104.4,apple,hardy,0,30,1,26.6,0
36.0,33.9,191.0,banana,normal,1,9,1,0.5,1
8.3,66.4,34.7,apple,hardy,0,24,2,29.6,0
35.3,48.4,110.7,onion,hardy,0,29,3,21.4,0
33.6,47.2,249.0,carrot,normal,1,14,3,4.5,0
25.8,36.6,1.7,apple,hardy,0,24,3,27.2,0
28.5,45.7,95.3,banana,normal,1,8,1,3.7,0
7.1,79.0,14.5,onion,hardy,0,19,1,25.9,0
20.4,73.6,137.3,onion,hardy,0,25,2,20.8,0
35.5,57.7,70.3,berries,fragile,2,2,3,0.5,1
13.8,68.4,160.7,potato,hardy,0,21,1,18.5,0
27.4,32.6,21.6,tomato,normal,1,10,3,12.5,0
25.3,84.6,114.6,apple,hardy,0,15,2,7.9,0
13.1,31.0,208.7,tomato,normal,1,10,2,10.3,0
21.3,64.5,226.4,apple,hardy,0,23,1,14.1,0
38.1,83.6,212.0,onion,hardy,0,20,3,3.9,1
14.5,30.4,42.1,tomato,normal,1,11,2,15.5,0
32.1,38.8,241.0,onion,hardy,0,23,3,10.2,0
27.8,76.5,59.4,onion,hardy,0,21,3,16.9,0
9.0,37.0,16.7,apple,hardy,0,22,2,30.2,0
31.6,38.6,136.9,onion,hardy,0,16,1,6.0,0
10.6,64.6,85.2,milk,fragile,2,3,2,6.9,0
9.7,83.9,82.1,milk,fragile,2,3,2,5.6,0
8.2,53.7,238.2,tomato,normal,1,10,2,9.4,0
32.9,53.7,48.8,banana,normal,1,5,3,0.8,1
6.7,88.5,209.2,berries,fragile,2,2,2,0.5,1
29.5,67.9,25.5,apple,hardy,0,19,3,14.4,0
18.3,85.9,130.1,banana,normal,1,10,2,7.3,0
27.6,65.1,163.3,potato,hardy,0,25,2,16.6,0
25.4,84.7,285.4,tomato,normal,1,12,2,0.5,1
7.7,71.3,242.8,tomato,normal,1,11,1,7.1,0
13.7,74.8,290.9,onion,hardy,0,22,2,13.3,0
33.1,86.3,175.5,tomato,normal,1,10,3,0.5,1
27.4,51.7,226.2,potato,hardy,0,28,3,18.4,0
37.3,91.6,205.3,potato,hardy,0,25,1,5.4,1
21.3,73.0,8.2,berries,fragile,2,4,3,6.0,0
17.4,40.7,142.6,leafy_vegetables,fragile,2,1,1,0.5,0
32.8,56.1,199.9,banana,normal,1,8,1,0.5,1
27.6,49.0,148.8,berries,fragile,2,1,3,0.5,0
21.8,68.1,262.3,berries,fragile,2,2,3,0.5,1
5.2,56.5,123.8,apple,hardy,0,28,2,32.9,0
20.4,70.2,270.0,banana,normal,1,14,1,1.3,1
18.4,92.2,87.2,potato,hardy,0,29,3,24.3,0
15.6,32.9,167.5,milk,fragile,2,3,2,1.2,0
32.6,42.6,220.3,milk,fragile,2,4,3,0.5,1
24.9,62.0,155.9,apple,hardy,0,19,1,13.1,0
20.9,59.6,155.0,banana,normal,1,10,3,7.1,0
23.6,70.8,192.3,milk,fragile,2,2,3,0.5,1
6.2,52.0,128.8,tomato,normal,1,6,3,11.3,0
10.4,33.7,145.2,tomato,normal,1,6,3,12.7,0
5.4,56.8,278.1,apple,hardy,0,17,2,15.1,0
11.5,60.3,251.1,milk,fragile,2,3,1,0.5,1
10.1,66.6,291.3,potato,hardy,0,27,2,22.4,0
39.7,82.6,42.1,leafy_vegetables,fragile,2,5,1,0.5,1
36.0,42.7,219.6,tomato,normal,1,15,1,1.0,1
38.2,58.9,131.3,berries,fragile,2,2,2,0.5,1
24.5,90.9,34.6,carrot,normal,1,15,1,9.2,0
38.7,74.2,294.9,tomato,normal,1,6,3,0.5,1
14.1,42.7,94.9,leafy_vegetables,fragile,2,2,3,7.0,0
7.7,90.7,179.5,leafy_vegetables,fragile,2,1,3,1.2,0
28.4,72.1,243.3,tomato,normal,1,14,2,1.5,1
30.6,77.1,189.8,apple,hardy,0,15,2,3.3,1
9.2,66.3,80.2,milk,fragile,2,1,1,1.9,0
39.0,69.7,118.3,onion,hardy,0,24,2,10.7,0
38.6,41.5,159.9,banana,normal,1,6,2,0.5,1
6.3,65.1,135.5,carrot,normal,1,9,1,10.5,0
32.4,59.9,298.1,tomato,normal,1,9,1,0.5,1
15.6,54.8,53.6,berries,fragile,2,2,1,1.9,0
12.0,86.5,54.6,potato,hardy,0,18,1,20.9,0
19.3,64.7,289.7,potato,hardy,0,21,1,11.0,0
39.3,49.4,3.2,potato,hardy,0,15,3,11.4,0
11.1,86.1,231.3,carrot,normal,1,5,3,2.4,0
14.4,58.6,134.4,tomato,normal,1,7,1,5.9,0
33.5,59.4,139.6,milk,fragile,2,5,1,0.5,1
39.4,73.5,259.3,leafy_vegetables,fragile,2,2,2,0.5,1
7.3,68.0,84.3,potato,hardy,0,29,3,36.9,0
36.0,85.5,180.1,leafy_vegetables,fragile,2,4,1,0.5,1
15.6,73.0,96.4,milk,fragile,2,5,2,3.6,0
17.3,83.4,103.5,potato,hardy,0,18,1,12.2,0
14.3,44.9,19.2,tomato,normal,1,13,1,17.7,0
14.4,72.3,101.4,potato,hardy,0,19,2,18.9,0
17.6,83.8,221.8,banana,normal,1,14,2,8.2,0
8.1,73.8,117.7,apple,hardy,0,23,2,24.2,0
17.2,35.5,256.2,carrot,normal,1,12,2,6.5,0
8.1,49.5,18.3,onion,hardy,0,17,2,25.1,0
11.9,38.4,101.8,milk,fragile,2,4,3,9.7,0
33.8,58.5,190.1,milk,fragile,2,2,3,0.5,1
26.1,45.7,126.5,milk,fragile,2,2,1,0.5,1
26.3,31.3,60.2,onion,hardy,0,26,2,26.6,0
28.9,54.2,263.4,milk,fragile,2,2,2,0.5,1
24.2,59.6,41.0,milk,fragile,2,5,2,3.8,0
39.5,59.7,34.6,leafy_vegetables,fragile,2,5,2,0.5,1
15.8,62.7,168.1,banana,normal,1,6,1,1.4,1
32.4,73.6,134.1,carrot,normal,1,11,3,3.4,0
27.7,81.9,166.0,tomato,normal,1,15,3,5.7,0
19.4,79.2,238.7,banana,normal,1,15,3,4.5,1
37.5,67.9,233.8,potato,hardy,0,25,1,5.5,1
13.9,33.2,251.2,tomato,normal,1,11,2,6.6,0
21.2,34.8,83.1,carrot,normal,1,9,1,9.5,0
16.7,83.7,218.6,carrot,normal,1,13,1,2.1,1
22.6,69.5,146.9,berries,fragile,2,4,2,0.5,1
11.9,41.8,166.3,berries,fragile,2,4,3,7.0,0
6.8,44.4,74.2,leafy_vegetables,fragile,2,2,2,12.3,0
9.8,89.1,178.4,potato,hardy,0,19,3,17.8,0
8.4,81.3,110.0,carrot,normal,1,12,3,14.8,0
6.0,51.5,234.7,milk,fragile,2,4,2,5.6,0
32.5,37.6,254.2,banana,normal,1,9,3,0.5,1
23.2,74.4,96.3,leafy_vegetables,fragile,2,4,2,0.5,1
31.4,48.2,254.0,berries,fragile,2,5,1,0.5,1
34.4,43.0,216.7,milk,fragile,2,5,2,0.5,1
8.6,57.3,20.8,potato,hardy,0,22,2,30.5,0
5.4,64.6,67.8,onion,hardy,0,21,1,25.0,0
31.2,91.8,66.6,leafy_vegetables,fragile,2,4,2,0.5,1
35.1,61.6,186.3,carrot,normal,1,5,3,0.5,1
17.4,43.5,137.4,banana,normal,1,8,3,8.2,0
5.9,71.9,241.9,tomato,normal,1,12,3,12.2,0
7.8,67.9,274.7,potato,hardy,0,24,3,24.9,0
6.8,78.9,2.3,potato,hardy,0,25,3,34.4,0
35.7,58.5,170.6,leafy_vegetables,fragile,2,5,1,0.5,1
7.8,86.0,82.9,banana,normal,1,11,3,14.6,0
28.4,37.3,43.9,carrot,normal,1,13,1,9.6,0
9.2,70.1,180.6,leafy_vegetables,fragile,2,3,2,2.8,0
12.7,91.7,47.0,potato,hardy,0,23,1,25.1,0
38.2,65.0,279.1,banana,normal,1,14,3,0.5,1
28.4,56.9,204.4,milk,fragile,2,1,1,0.5,0
30.5,44.9,287.0,banana,normal,1,15,1,0.5,1
14.1,33.1,122.3,potato,hardy,0,28,2,30.5,0
11.7,77.1,147.9,carrot,normal,1,12,3,14.1,0
30.4,53.2,171.8,carrot,normal,1,5,1,0.5,1
19.5,31.6,104.7,onion,hardy,0,24,3,25.5,0
22.3,60.7,174.3,leafy_vegetables,fragile,2,5,2,0.5,1
16.8,73.9,191.9,berries,fragile,2,2,2,0.5,1
27.2,34.7,33.2,leafy_vegetables,fragile,2,4,1,0.9,1
38.1,91.5,92.9,carrot,normal,1,14,2,1.8,1
11.6,74.9,99.5,milk,fragile,2,5,3,9.5,0
33.2,70.4,84.8,milk,fragile,2,4,3,0.5,1
29.7,93.2,51.2,onion,hardy,0,27,2,18.4,0
23.9,45.0,69.0,tomato,normal,1,9,2,7.3,0
14.9,70.5,50.2,banana,normal,1,12,1,9.5,0
17.4,39.8,238.8,potato,hardy,0,23,1,17.7,0
9.9,70.5,94.0,leafy_vegetables,fragile,2,5,2,9.3,0
17.3,78.1,77.9,onion,hardy,0,20,2,16.5,0
16.5,60.7,84.5,onion,hardy,0,22,1,21.8,0
19.3,32.4,71.9,onion,hardy,0,21,1,20.3,0
14.0,83.1,63.5,potato,hardy,0,22,2,19.9,0
9.3,46.0,89.1,milk,fragile,2,3,1,10.2,0
30.4,83.3,41.7,potato,hardy,0,16,3,12.3,0
11.2,90.9,235.8,leafy_vegetables,fragile,2,3,2,0.5,1
10.0,49.8,20.3,apple,hardy,0,25,1,29.9,0
38.6,88.5,132.8,milk,fragile,2,3,3,0.5,1
28.4,46.9,191.4,tomato,normal,1,15,1,7.3,0
15.5,77.9,50.0,apple,hardy,0,19,2,20.8,0
37.8,34.9,155.5,onion,hardy,0,29,3,17.0,0
21.3,73.3,116.1,banana,normal,1,12,1,6.8,0
39.5,49.2,193.8,leafy_vegetables,fragile,2,3,2,0.5,1
39.5,82.0,260.8,tomato,normal,1,9,3,0.5,1
35.8,40.5,124.9,apple,hardy,0,19,1,9.8,0
29.7,79.3,175.8,carrot,normal,1,11,1,0.5,1
19.7,91.8,268.4,berries,fragile,2,1,3,0.5,0
12.7,89.5,128.6,carrot,normal,1,11,1,6.2,0
19.5,83.1,116.9,carrot,normal,1,8,3,3.5,0
13.8,94.3,201.1,tomato,normal,1,10,1,3.3,0
28.3,69.4,213.8,carrot,normal,1,7,1,0.5,1
38.1,89.5,122.4,tomato,normal,1,14,1,0.5,1
18.1,54.1,291.7,carrot,normal,1,14,1,5.2,0
38.4,53.8,52.6,leafy_vegetables,fragile,2,3,1,0.5,1
24.4,90.4,214.2,leafy_vegetables,fragile,2,5,1,0.5,1
8.9,69.5,139.8,potato,hardy,0,15,1,12.6,0
15.9,69.5,110.4,milk,fragile,2,4,2,0.9,1
26.0,67.2,60.1,apple,hardy,0,29,1,25.0,0
29.2,43.9,280.5,berries,fragile,2,4,1,0.5,1
20.0,34.8,159.3,apple,hardy,0,15,1,8.6,0
10.1,51.1,49.9,leafy_vegetables,fragile,2,4,1,9.0,0
31.2,54.9,202.9,banana,normal,1,11,3,0.6,1
12.0,42.1,287.5,carrot,normal,1,10,3,9.7,0
17.3,31.3,13.3,apple,hardy,0,21,2,26.0,0
36.0,47.3,119.3,potato,hardy,0,16,3,8.9,0
28.8,71.4,150.6,tomato,normal,1,5,2,0.5,1
27.9,68.2,47.6,apple,hardy,0,26,2,21.8,0
24.4,46.4,34.2,berries,fragile,2,2,1,0.5,1
27.7,57.6,201.8,potato,hardy,0,18,3,10.9,0
39.6,41.4,254.5,apple,hardy,0,15,2,0.5,1
17.9,77.8,181.4,tomato,normal,1,15,1,6.6,0
8.8,47.2,20.6,leafy_vegetables,fragile,2,2,1,6.9,0
8.5,83.4,36.5,carrot,normal,1,10,2,15.3,0
19.5,70.0,214.8,banana,normal,1,15,3,5.9,0
6.0,39.9,196.4,milk,fragile,2,1,1,2.3,0
8.4,36.1,26.7,leafy_vegetables,fragile,2,4,3,13.8,0
12.5,33.0,289.6,banana,normal,1,9,3,5.0,0
32.5,45.0,30.3,carrot,normal,1,8,2,5.1,0
32.7,75.8,59.0,milk,fragile,2,4,3,0.5,1
15.8,52.0,154.3,leafy_vegetables,fragile,2,5,1,0.5,1
10.4,73.7,8.7,apple,hardy,0,21,1,21.6,0
32.5,36.1,264.9,banana,normal,1,8,2,0.5,1
39.8,63.7,28.9,berries,fragile,2,5,3,0.5,1
29.6,41.3,143.3,tomato,normal,1,14,3,12.0,0
6.1,74.6,146.7,tomato,normal,1,12,3,13.9,0
19.7,94.4,46.4,milk,fragile,2,2,1,0.5,1
16.5,57.6,197.0,leafy_vegetables,fragile,2,3,1,0.5,1
23.6,93.4,202.7,potato,hardy,0,26,3,15.5,0
40.0,63.7,289.3,leafy_vegetables,fragile,2,3,1,0.5,1
25.0,32.9,45.7,milk,fragile,2,3,1,4.0,0
28.8,58.9,276.1,milk,fragile,2,3,2,0.5,1
31.8,81.4,223.7,milk,fragile,2,4,1,0.5,1
39.8,67.1,42.5,berries,fragile,2,5,1,0.5,1
31.9,59.7,105.2,milk,fragile,2,2,3,0.5,1
26.3,80.9,245.1,leafy_vegetables,fragile,2,1,3,0.5,0
8.4,81.9,292.0,milk,fragile,2,2,2,0.5,1
16.7,47.6,276.1,carrot,normal,1,14,2,8.7,0
15.8,51.2,178.4,banana,normal,1,10,3,9.3,0
16.9,35.8,273.5,potato,hardy,0,16,1,9.2,0
35.8,32.3,248.8,banana,normal,1,9,2,0.5,1
29.3,46.5,7.6,apple,hardy,0,19,1,15.3,0
12.2,86.3,149.8,onion,hardy,0,19,3,16.1,0
16.9,52.6,220.3,tomato,normal,1,9,3,4.4,0
27.3,45.6,68.1,onion,hardy,0,26,1,23.4,0
25.7,87.6,206.5,tomato,normal,1,11,1,0.5,1
18.8,76.1,45.2,carrot,normal,1,7,2,4.9,0
23.5,30.3,237.1,onion,hardy,0,29,2,21.9,0
24.0,30.6,118.1,milk,fragile,2,1,2,0.5,0
29.7,50.9,253.5,berries,fragile,2,5,1,0.5,1
34.1,46.5,69.6,tomato,normal,1,5,1,0.5,1
18.8,58.6,161.0,carrot,normal,1,7,2,3.1,0
19.8,47.0,299.3,banana,normal,1,10,3,1.9,1
5.2,93.8,242.1,tomato,normal,1,14,2,11.0,0
26.3,69.6,218.2,tomato,normal,1,12,2,0.5,1
18.9,67.1,88.7,onion,hardy,0,29,2,28.8,0
5.5,88.5,116.6,banana,normal,1,5,2,5.9,0
39.4,68.5,88.1,apple,hardy,0,30,3,18.7,0
21.7,41.9,240.8,berries,fragile,2,5,2,0.5,1
25.8,65.0,299.5,apple,hardy,0,20,2,6.6,0
8.4,54.3,127.6,banana,normal,1,5,1,5.6,0
34.2,56.3,15.6,onion,hardy,0,19,1,12.2,0
34.1,73.2,258.5,onion,hardy,0,26,3,10.8,0
34.7,77.7,266.7,leafy_vegetables,fragile,2,3,3,0.5,1
11.1,52.1,96.0,milk,fragile,2,4,3,8.7,0
27.1,45.9,15.4,milk,fragile,2,5,3,4.1,0
37.1,30.9,169.4,carrot,normal,1,6,3,0.5,1
18.3,36.4,53.0,banana,normal,1,9,2,11.3,0
25.8,32.3,234.2,berries,fragile,2,5,1,0.5,1
35.0,69.7,138.1,tomato,normal,1,10,3,0.5,1
38.5,67.5,145.3,leafy_vegetables,fragile,2,5,2,0.5,1
12.1,61.9,111.1,berries,fragile,2,1,3,3.6,0
10.1,66.1,203.9,berries,fragile,2,2,1,0.5,1
10.5,70.8,178.1,potato,hardy,0,16,2,12.9,0
12.6,79.2,289.4,carrot,normal,1,15,1,4.2,1
6.8,79.2,117.7,onion,hardy,0,24,1,25.3,0
8.6,46.4,153.4,banana,normal,1,5,2,9.8,0
27.0,49.8,257.7,onion,hardy,0,30,2,20.8,0
29.7,59.1,94.2,carrot,normal,1,11,3,5.1,0
6.5,30.6,232.7,banana,normal,1,13,3,13.6,0
30.9,33.6,96.2,berries,fragile,2,1,2,0.5,0
20.4,93.5,114.5,tomato,normal,1,5,1,0.5,1
23.7,57.0,102.0,potato,hardy,0,29,2,26.3,0
9.2,49.6,234.2,apple,hardy,0,27,2,24.1,0
38.0,55.9,69.7,apple,hardy,0,25,2,17.0,0
22.4,53.0,163.7,berries,fragile,2,4,2,0.5,1
33.9,90.2,124.2,leafy_vegetables,fragile,2,2,3,0.5,1
38.0,40.5,193.5,milk,fragile,2,4,1,0.5,1
7.6,45.4,18.3,apple,hardy,0,22,1,28.9,0
5.8,51.6,18.2,leafy_vegetables,fragile,2,1,1,9.4,0
30.6,68.4,207.8,milk,fragile,2,2,3,0.5,1
37.8,45.4,81.8,berries,fragile,2,4,1,0.5,1
27.7,70.2,80.2,banana,normal,1,13,3,4.7,0
39.9,64.0,163.7,banana,normal,1,12,2,0.5,1
10.3,89.5,175.1,berries,fragile,2,1,3,2.3,0
19.7,94.0,174.4,apple,hardy,0,20,2,11.8,0
15.8,34.6,128.9,banana,normal,1,5,2,6.6,0
7.0,77.5,82.5,leafy_vegetables,fragile,2,4,1,6.9,0
30.0,76.9,114.4,leafy_vegetables,fragile,2,5,2,0.5,1
26.3,89.9,75.4,tomato,normal,1,11,3,4.3,0
33.8,41.7,208.9,milk,fragile,2,2,3,0.5,1
16.5,55.0,23.4,milk,fragile,2,3,2,7.0,0
27.3,80.0,52.4,carrot,normal,1,6,3,1.0,1
9.1,52.4,98.2,onion,hardy,0,23,2,27.9,0
8.5,87.1,161.4,berries,fragile,2,4,3,6.3,0
7.6,85.3,84.8,berries,fragile,2,3,3,5.1,0
16.2,42.7,144.1,berries,fragile,2,2,3,3.4,0
28.6,93.0,196.9,potato,hardy,0,27,2,13.7,0
18.7,54.1,203.0,berries,fragile,2,3,2,0.5,1
23.0,64.1,249.0,berries,fragile,2,2,3,0.5,1
21.8,34.1,285.5,apple,hardy,0,26,3,18.8,0
10.6,83.6,129.8,potato,hardy,0,24,1,19.2,0
25.3,45.6,239.4,tomato,normal,1,5,1,0.5,1
28.9,75.8,169.2,berries,fragile,2,1,2,0.5,0
5.7,44.7,213.2,milk,fragile,2,3,1,2.3,0
15.1,63.6,200.5,berries,fragile,2,2,2,0.5,1
34.7,94.8,177.0,potato,hardy,0,30,2,11.6,0
34.6,41.1,136.3,berries,fragile,2,3,1,0.5,1
16.9,69.2,66.6,apple,hardy,0,23,1,20.8,0
19.3,49.2,17.1,potato,hardy,0,15,1,16.8,0
26.0,85.6,123.2,carrot,normal,1,9,3,2.5,1
8.3,70.1,203.7,onion,hardy,0,18,2,17.7,0
27.1,91.6,51.9,berries,fragile,2,5,2,0.5,1
16.8,58.0,151.5,onion,hardy,0,25,1,18.8,0
18.9,87.4,33.9,banana,normal,1,11,3,9.4,0
23.9,76.5,50.5,banana,normal,1,15,2,12.3,0
7.6,44.1,227.2,banana,normal,1,7,1,6.9,0
14.8,57.9,54.0,apple,hardy,0,27,1,27.6,0
30.9,73.6,64.8,milk,fragile,2,3,3,0.5,1
27.5,91.1,117.2,apple,hardy,0,22,3,13.5,0
6.6,77.3,119.8,apple,hardy,0,21,1,20.6,0
35.1,87.8,156.0,milk,fragile,2,1,2,0.5,0
16.3,45.1,81.6,banana,normal,1,11,1,13.5,0
18.3,93.3,35.9,berries,fragile,2,1,2,0.5,0
37.7,44.8,224.3,carrot,normal,1,9,3,0.5,1
36.8,36.0,100.0,milk,fragile,2,5,3,0.5,1
38.1,58.2,59.2,tomato,normal,1,15,2,6.5,0
26.9,35.7,102.3,berries,fragile,2,5,2,0.8,1
18.7,59.4,289.9,apple,hardy,0,28,3,21.1,0
19.2,86.6,192.9,berries,fragile,2,4,3,0.5,1
27.5,90.0,149.4,apple,hardy,0,26,2,15.9,0
8.6,45.9,178.9,tomato,normal,1,10,3,13.3,0
29.6,64.1,115.3,carrot,normal,1,6,2,0.5,1
35.4,74.6,115.1,banana,normal,1,10,2,0.5,1
22.6,84.4,25.9,milk,fragile,2,1,1,0.5,0
27.6,31.8,178.6,banana,normal,1,8,1,0.5,1
27.6,93.1,273.5,berries,fragile,2,1,2,0.5,0
14.6,68.5,8.7,milk,fragile,2,1,1,2.5,0
6.2,91.9,150.9,berries,fragile,2,1,3,0.6,0
16.6,72.7,235.8,carrot,normal,1,6,2,0.5,1
24.3,44.9,163.0,carrot,normal,1,9,1,4.5,0
6.4,46.4,295.2,banana,normal,1,10,1,10.1,0
5.8,74.6,58.5,apple,hardy,0,19,3,25.0,0
35.5,59.6,242.7,potato,hardy,0,22,1,2.9,1
9.5,32.4,269.3,carrot,normal,1,11,3,10.2,0
16.4,79.6,137.5,tomato,normal,1,9,2,5.6,0
15.4,75.1,246.2,berries,fragile,2,4,3,0.9,1
11.9,77.9,218.9,apple,hardy,0,29,2,23.1,0
17.6,90.9,138.4,leafy_vegetables,fragile,2,5,2,0.7,1
21.0,35.3,210.4,carrot,normal,1,10,2,5.6,0
7.8,62.5,214.4,berries,fragile,2,1,3,0.9,0
25.2,84.2,66.2,onion,hardy,0,19,3,12.9,0
10.8,37.1,46.9,berries,fragile,2,2,3,9.9,0
37.4,50.7,53.9,berries,fragile,2,1,3,0.5,0
22.6,72.2,287.0,berries,fragile,2,4,1,0.5,1
21.7,91.7,175.2,milk,fragile,2,4,1,0.5,1
15.6,87.0,164.8,berries,fragile,2,4,3,0.9,1
19.7,60.9,267.4,onion,hardy,0,23,1,11.3,0
9.4,92.2,229.5,tomato,normal,1,14,1,7.4,0
6.6,80.8,114.9,potato,hardy,0,24,3,25.7,0
29.7,94.5,116.6,banana,normal,1,5,2,0.5,1
25.2,32.4,253.1,leafy_vegetables,fragile,2,1,1,0.5,0
26.3,78.5,225.2,berries,fragile,2,4,2,0.5,1
37.2,67.6,218.5,potato,hardy,0,26,2,12.8,0
37.8,63.7,142.3,leafy_vegetables,fragile,2,5,3,0.5,1
9.9,61.9,127.0,leafy_vegetables,fragile,2,3,2,5.3,0
11.5,69.7,56.1,carrot,normal,1,8,1,11.0,0
25.4,60.3,163.3,onion,hardy,0,28,2,23.1,0
26.6,54.7,207.7,potato,hardy,0,20,3,14.2,0
20.5,75.6,190.3,leafy_vegetables,fragile,2,1,1,0.5,0
10.7,92.7,167.1,onion,hardy,0,18,2,13.3,0
27.4,34.8,152.5,onion,hardy,0,28,1,24.4,0
33.9,40.7,1.3,leafy_vegetables,fragile,2,3,2,1.2,0
38.5,48.1,20.0,milk,fragile,2,5,1,0.5,1
17.3,57.5,180.0,apple,hardy,0,21,1,19.4,0
6.4,66.6,37.4,onion,hardy,0,30,1,33.7,0
29.6,72.3,28.2,carrot,normal,1,13,2,8.5,0
22.2,42.2,141.0,tomato,normal,1,11,1,6.0,0
35.6,92.2,52.7,banana,normal,1,5,2,0.5,1
26.3,57.2,46.6,onion,hardy,0,17,1,11.8,0
24.5,38.2,176.8,leafy_vegetables,fragile,2,3,3,0.5,1
10.0,52.7,278.8,onion,hardy,0,19,2,15.1,0
22.9,90.2,231.3,tomato,normal,1,10,3,1.4,1
20.2,80.2,234.4,berries,fragile,2,3,2,0.5,1
17.4,74.5,107.1,potato,hardy,0,28,2,26.4,0
32.4,71.8,98.6,berries,fragile,2,3,1,0.5,1
16.7,34.3,231.6,apple,hardy,0,21,1,19.1,0
33.2,39.0,179.9,carrot,normal,1,5,1,0.5,1
27.8,71.0,40.0,onion,hardy,0,23,1,18.7,0
36.1,40.6,265.9,onion,hardy,0,18,1,1.5,1
39.9,73.6,285.6,milk,fragile,2,3,2,0.5,1
7.8,80.6,105.7,apple,hardy,0,15,1,14.5,0
25.9,66.0,96.2,tomato,normal,1,7,3,2.1,1
21.5,88.0,173.0,leafy_vegetables,fragile,2,1,3,0.5,0
33.5,56.1,168.1,onion,hardy,0,30,3,20.5,0
29.6,85.8,63.2,milk,fragile,2,3,1,0.5,1
18.9,47.5,112.4,potato,hardy,0,22,3,19.6,0
29.7,77.8,244.4,potato,hardy,0,18,1,1.8,1
8.9,84.6,204.8,carrot,normal,1,12,1,7.7,0
5.0,75.3,169.1,milk,fragile,2,5,3,8.7,0
13.3,93.1,170.1,banana,normal,1,12,2,8.1,0
12.5,90.7,264.4,banana,normal,1,9,3,4.0,0
29.5,72.5,212.2,apple,hardy,0,27,1,13.3,0
35.8,31.4,87.2,onion,hardy,0,19,2,11.4,0
27.6,31.9,214.7,tomato,normal,1,7,2,0.5,1
26.0,45.3,96.7,milk,fragile,2,3,2,0.5,1
35.3,31.7,273.4,berries,fragile,2,5,2,0.5,1
31.5,34.3,83.2,milk,fragile,2,5,2,0.5,1
26.3,90.2,115.8,tomato,normal,1,6,1,0.5,1
37.5,90.1,211.2,banana,normal,1,15,3,0.5,1
26.2,85.5,20.9,carrot,normal,1,15,3,8.2,0
36.7,44.1,167.6,banana,normal,1,15,1,2.3,1
38.5,59.5,99.0,banana,normal,1,10,3,0.5,1
17.4,32.4,264.9,onion,hardy,0,23,3,21.1,0
16.7,75.3,87.7,apple,hardy,0,17,1,13.2,0
24.2,49.7,106.7,carrot,normal,1,14,3,14.9,0
33.1,58.8,147.8,carrot,normal,1,7,1,0.5,1
26.5,38.6,76.9,potato,hardy,0,27,2,24.9,0
13.4,80.4,37.9,banana,normal,1,10,1,7.5,0
31.0,48.1,23.0,carrot,normal,1,15,3,9.1,0
12.6,33.8,277.6,banana,normal,1,9,2,7.4,0
24.6,62.9,195.4,carrot,normal,1,15,3,9.1,0
16.1,91.1,41.1,leafy_vegetables,fragile,2,1,2,0.5,0
10.6,51.7,230.4,onion,hardy,0,20,2,22.3,0
37.8,73.0,236.1,carrot,normal,1,5,2,0.5,1
12.3,90.2,208.4,potato,hardy,0,23,1,12.6,0
9.2,59.6,137.2,carrot,normal,1,5,3,7.5,0
38.5,72.4,265.2,onion,hardy,0,18,3,0.5,1
33.0,52.5,24.6,potato,hardy,0,29,2,24.5,0
31.1,37.8,233.8,onion,hardy,0,28,3,20.6,0
6.4,63.8,50.7,leafy_vegetables,fragile,2,5,2,13.2,0
26.0,62.1,113.0,milk,fragile,2,4,3,0.5,1
7.6,65.1,84.0,milk,fragile,2,1,3,7.0,0
16.3,78.8,273.9,tomato,normal,1,7,3,0.5,1
9.5,58.4,210.0,berries,fragile,2,2,1,1.5,0
29.5,47.9,70.6,berries,fragile,2,1,1,0.5,0
12.3,56.8,170.9,tomato,normal,1,10,3,9.5,0
30.1,94.5,136.6,potato,hardy,0,23,2,10.4,0
16.3,55.6,282.0,banana,normal,1,9,3,3.4,0
34.4,62.2,11.0,milk,fragile,2,3,2,0.5,1
28.2,77.2,233.3,potato,hardy,0,21,1,3.2,1
34.3,55.2,159.1,carrot,normal,1,11,2,0.5,1
8.7,59.3,38.5,tomato,normal,1,14,3,21.4,0
32.3,50.3,8.7,apple,hardy,0,21,2,17.2,0
37.2,35.2,233.4,banana,normal,1,5,2,0.5,1
35.3,30.3,20.9,potato,hardy,0,28,2,24.0,0
22.5,46.1,83.0,banana,normal,1,5,1,0.5,1
21.2,50.9,279.5,leafy_vegetables,fragile,2,5,2,0.5,1
32.8,61.7,43.5,carrot,normal,1,10,1,3.1,0
29.5,48.9,150.5,berries,fragile,2,1,3,0.5,0
13.1,39.4,217.6,tomato,normal,1,13,1,12.9,0
32.9,66.4,57.2,milk,fragile,2,5,1,0.5,1
11.6,46.6,160.4,milk,fragile,2,3,3,3.2,0
30.7,40.7,225.4,onion,hardy,0,15,1,1.2,1
6.6,40.4,287.3,apple,hardy,0,20,3,23.0,0
38.0,70.2,218.0,tomato,normal,1,10,2,0.5,1
7.6,55.2,253.1,leafy_vegetables,fragile,2,1,3,0.9,0
28.0,63.1,71.8,tomato,normal,1,5,2,0.5,1
20.4,45.6,129.8,apple,hardy,0,16,1,12.0,0
37.9,50.0,116.7,apple,hardy,0,26,2,15.1,0
23.4,66.8,53.7,potato,hardy,0,17,2,15.1,0
18.2,84.4,222.6,potato,hardy,0,24,3,15.8,0
29.7,85.1,161.4,apple,hardy,0,25,3,16.1,0
34.3,68.6,35.6,tomato,normal,1,6,3,3.1,0
34.4,54.2,13.8,carrot,normal,1,6,3,1.9,0
33.1,52.7,6.3,banana,normal,1,13,2,9.2,0
29.8,63.8,293.9,onion,hardy,0,30,1,13.2,0
19.3,88.7,89.4,tomato,normal,1,9,1,3.2,0
29.2,36.1,229.2,leafy_vegetables,fragile,2,5,1,0.5,1
17.7,86.2,96.2,leafy_vegetables,fragile,2,4,2,2.3,0
11.6,37.3,198.6,apple,hardy,0,27,3,27.6,0
34.5,93.6,62.5,milk,fragile,2,2,3,0.5,1
31.3,82.7,34.2,potato,hardy,0,25,1,18.7,0
32.8,65.5,174.6,carrot,normal,1,7,3,0.5,1
28.9,59.4,38.0,tomato,normal,1,8,2,5.0,0
39.3,90.2,291.6,apple,hardy,0,16,3,0.5,1
18.7,63.1,33.4,potato,hardy,0,15,1,15.6,0
26.0,77.1,248.0,milk,fragile,2,1,3,0.5,0
8.4,56.7,122.6,carrot,normal,1,6,2,8.7,0
27.6,38.7,286.2,potato,hardy,0,18,2,5.3,1
12.4,69.3,286.4,milk,fragile,2,3,3,0.9,0
29.2,71.9,216.3,leafy_vegetables,fragile,2,5,2,0.5,1
22.0,89.9,166.2,leafy_vegetables,fragile,2,5,3,0.5,1
26.4,30.3,167.3,tomato,normal,1,11,1,5.0,0
27.4,71.6,201.6,berries,fragile,2,4,3,0.5,1
10.4,91.8,252.9,milk,fragile,2,3,1,0.5,1
23.6,31.4,186.3,potato,hardy,0,26,3,22.9,0
16.1,64.6,6.7,potato,hardy,0,30,1,30.8,0
22.8,93.6,207.3,tomato,normal,1,14,2,3.8,1
28.2,88.7,163.0,tomato,normal,1,8,1,0.5,1
12.9,31.3,72.0,banana,normal,1,14,1,17.1,0
8.3,66.0,209.0,banana,normal,1,7,2,6.1,0
15.6,43.8,57.0,potato,hardy,0,27,3,35.0,0
14.9,72.4,194.7,leafy_vegetables,fragile,2,4,1,0.5,1
19.6,76.3,3.8,potato,hardy,0,15,1,11.3,0
38.6,54.5,158.6,berries,fragile,2,2,2,0.5,1
18.1,79.2,89.2,carrot,normal,1,9,1,5.2,0
18.6,33.4,144.1,apple,hardy,0,23,1,21.0,0
7.0,33.9,111.8,onion,hardy,0,16,1,20.0,0
15.1,75.8,113.1,leafy_vegetables,fragile,2,3,3,3.9,0
19.2,46.0,173.2,potato,hardy,0,24,3,20.5,0
27.6,89.6,18.5,onion,hardy,0,16,3,9.3,0
12.2,39.7,153.2,milk,fragile,2,5,2,5.0,0
6.5,75.9,88.0,potato,hardy,0,16,3,22.9,0
25.6,51.0,93.8,apple,hardy,0,29,3,25.5,0
27.3,31.8,199.0,onion,hardy,0,16,3,11.5,0
36.5,83.6,45.2,apple,hardy,0,21,2,9.4,0
22.9,92.1,245.4,carrot,normal,1,8,2,0.5,1
31.6,55.2,177.4,tomato,normal,1,14,3,5.9,0
17.5,65.4,100.9,leafy_vegetables,fragile,2,2,2,1.5,0
29.5,31.9,236.1,potato,hardy,0,23,2,13.0,0
20.3,32.7,204.8,banana,normal,1,11,3,9.4,0
23.5,36.8,41.5,banana,normal,1,11,3,14.3,0
5.4,51.5,10.1,onion,hardy,0,15,2,28.1,0
17.1,44.4,231.4,apple,hardy,0,22,1,16.1,0
5.0,34.1,187.4,carrot,normal,1,13,3,20.9,0
18.5,40.5,246.4,potato,hardy,0,29,2,23.5,0
27.7,57.6,243.6,milk,fragile,2,1,3,0.5,0
14.4,79.6,18.7,berries,fragile,2,5,2,5.3,0
29.2,83.5,255.3,tomato,normal,1,14,3,0.5,1
18.5,63.1,283.8,banana,normal,1,14,2,4.1,1
5.7,60.7,230.8,potato,hardy,0,29,1,26.9,0
15.1,33.6,203.1,onion,hardy,0,30,2,30.8,0
